FIPS,%,Total
1001,14.5%," 8,070 "
1003,12.4%," 27,070 "
1005,19.5%," 4,870 "
1007,16.4%," 3,680 "
1009,13.8%," 7,980 "
1011,16.0%," 1,620 "
1013,16.3%," 3,210 "
1015,16.1%," 18,430 "
1017,15.1%," 5,040 "
1019,14.2%," 3,700 "
1021,15.9%," 7,000 "
1023,16.9%," 2,160 "
1025,19.1%," 4,560 "
1027,14.7%," 1,950 "
1029,16.1%," 2,410 "
1031,14.6%," 7,620 "
1033,15.9%," 8,740 "
1035,16.0%," 1,950 "
1037,14.0%," 1,500 "
1039,16.4%," 6,080 "
1041,15.2%," 2,110 "
1043,14.7%," 12,260 "
1045,17.1%," 8,440 "
1047,20.3%," 7,760 "
1049,16.0%," 11,450 "
1051,12.5%," 10,170 "
1053,18.2%," 6,680 "
1055,16.3%," 16,790 "
1057,17.8%," 2,930 "
1059,14.9%," 4,690 "
1061,18.4%," 4,850 "
1063,22.3%," 1,840 "
1065,19.2%," 2,840 "
1067,13.7%," 2,340 "
1069,15.3%," 16,130 "
1071,16.8%," 8,710 "
1073,14.1%," 93,140 "
1075,17.1%," 2,380 "
1077,14.0%," 13,000 "
1079,16.3%," 5,380 "
1081,14.1%," 22,990 "
1083,12.9%," 12,530 "
1085,20.1%," 2,000 "
1087,16.4%," 3,030 "
1089,11.9%," 43,590 "
1091,17.0%," 3,250 "
1093,17.7%," 5,290 "
1095,15.2%," 14,630 "
1097,15.7%," 65,050 "
1099,18.3%," 3,840 "
1101,15.7%," 35,470 "
1103,14.2%," 16,990 "
1105,22.9%," 2,090 "
1107,18.5%," 3,720 "
1109,15.1%," 5,040 "
1111,15.1%," 3,430 "
1113,16.8%," 9,730 "
1115,13.1%," 11,630 "
1117,9.6%," 20,860 "
1119,18.7%," 2,360 "
1121,16.5%," 13,220 "
1123,15.9%," 6,420 "
1125,14.3%," 29,840 "
1127,17.3%," 11,040 "
1129,15.0%," 2,460 "
1131,21.5%," 2,270 "
1133,17.0%," 4,020 "
2013,9.8%, 330 
2016,10.1%, 570 
2020,10.0%," 29,270 "
2050,20.4%," 3,720 "
2060,10.8%, 80 
2063,9.2%, 590 
2066,11.8%, 340 
2068,16.2%, 410 
2070,14.6%, 720 
2090,9.2%," 9,040 "
2100,17.0%, 430 
2105,14.1%, 300 
2110,9.3%," 2,980 "
2122,12.8%," 7,550 "
2130,12.2%," 1,690 "
2150,9.9%," 1,330 "
2158,26.8%," 2,230 "
2164,15.0%, 170 
2170,11.1%," 11,920 "
2180,16.9%," 1,690 "
2185,11.0%," 1,030 "
2188,18.2%," 1,400 "
2195,11.1%, 360 
2198,16.5%," 1,050 "
2220,10.0%, 860 
2230,16.7%, 220 
2240,12.0%, 830 
2275,11.1%, 280 
2282,10.3%, 60 
2290,18.5%, 980 
4001,22.6%," 16,230 "
4003,12.6%," 15,880 "
4005,14.6%," 20,730 "
4007,15.9%," 8,550 "
4009,13.8%," 5,300 "
4011,10.8%," 1,020 "
4012,17.5%," 3,680 "
4013,11.0%," 487,340 "
4015,16.4%," 34,670 "
4017,19.2%," 21,160 "
4019,12.6%," 130,860 "
4021,11.1%," 49,680 "
4023,14.0%," 6,540 "
4025,13.0%," 30,260 "
4027,16.2%," 34,400 "
5001,14.7%," 2,610 "
5003,16.7%," 3,330 "
5005,15.7%," 6,540 "
5007,10.7%," 29,270 "
5009,15.4%," 5,780 "
5011,14.9%," 1,620 "
5013,13.0%, 670 
5015,14.0%," 3,920 "
5017,20.7%," 2,160 "
5019,16.9%," 3,790 "
5021,18.8%," 2,760 "
5023,16.1%," 4,040 "
5025,14.6%," 1,170 "
5027,17.4%," 4,110 "
5029,18.0%," 3,750 "
5031,16.0%," 17,490 "
5033,15.9%," 10,050 "
5035,16.7%," 8,080 "
5037,15.9%," 2,640 "
5039,14.1%," 1,000 "
5041,17.4%," 2,010 "
5043,15.5%," 2,830 "
5045,14.3%," 17,810 "
5047,19.1%," 3,400 "
5049,17.8%," 2,190 "
5051,17.6%," 17,410 "
5053,14.2%," 2,590 "
5055,17.0%," 7,700 "
5057,15.5%," 3,370 "
5059,15.8%," 5,330 "
5061,15.1%," 2,010 "
5063,15.5%," 5,810 "
5065,18.1%," 2,450 "
5067,19.4%," 3,270 "
5069,16.3%," 11,080 "
5071,16.7%," 4,430 "
5073,18.7%," 1,260 "
5075,17.0%," 2,800 "
5077,19.4%," 1,740 "
5079,15.2%," 2,010 "
5081,14.3%," 1,760 "
5083,17.3%," 3,730 "
5085,13.5%," 9,850 "
5087,15.5%," 2,540 "
5089,18.2%," 3,010 "
5091,16.3%," 7,090 "
5093,18.3%," 7,590 "
5095,18.3%," 1,260 "
5097,18.2%," 1,630 "
5099,17.0%," 1,410 "
5101,14.1%," 1,090 "
5103,17.0%," 4,000 "
5105,16.1%," 1,660 "
5107,22.2%," 4,020 "
5109,17.1%," 1,830 "
5111,18.2%," 4,330 "
5113,18.8%," 3,770 "
5115,14.8%," 9,450 "
5117,14.0%," 1,140 "
5119,14.7%," 57,690 "
5121,17.6%," 3,150 "
5123,19.5%," 4,970 "
5125,11.6%," 14,010 "
5127,16.4%," 1,680 "
5129,20.3%," 1,600 "
5131,16.5%," 21,040 "
5133,15.2%," 2,580 "
5135,18.2%," 3,130 "
5137,19.3%," 2,430 "
5139,15.9%," 6,210 "
5141,17.7%," 2,930 "
5143,13.5%," 31,830 "
5145,15.4%," 12,150 "
5147,16.9%," 1,090 "
5149,14.0%," 3,000 "
6001,9.3%," 154,830 "
6003,11.7%, 140 
6005,10.6%," 4,160 "
6007,14.0%," 31,330 "
6009,11.4%," 5,240 "
6011,12.9%," 2,760 "
6013,8.5%," 97,160 "
6015,14.4%," 3,990 "
6017,9.5%," 18,100 "
6019,14.4%," 142,780 "
6021,12.5%," 3,520 "
6023,15.0%," 20,400 "
6025,19.0%," 34,270 "
6027,10.7%," 1,910 "
6029,14.3%," 127,510 "
6031,12.6%," 19,010 "
6033,15.0%," 9,610 "
6035,11.2%," 3,430 "
6037,12.7%," 1,271,040 "
6039,12.6%," 19,680 "
6041,7.5%," 19,470 "
6043,14.9%," 2,580 "
6045,13.9%," 12,130 "
6047,13.9%," 38,150 "
6049,13.6%," 1,210 "
6051,10.7%," 1,540 "
6053,10.2%," 44,380 "
6055,8.7%," 12,070 "
6057,10.3%," 10,230 "
6059,9.4%," 296,470 "
6061,8.0%," 31,360 "
6063,13.1%," 2,470 "
6065,9.7%," 237,110 "
6067,11.7%," 179,280 "
6069,8.3%," 5,100 "
6071,10.6%," 228,340 "
6073,10.1%," 336,190 "
6075,11.0%," 95,890 "
6077,12.1%," 90,820 "
6079,9.1%," 25,600 "
6081,7.1%," 53,990 "
6083,9.2%," 41,140 "
6085,7.5%," 144,140 "
6087,10.0%," 27,360 "
6089,13.8%," 24,670 "
6091,11.3%, 330 
6093,15.0%," 6,510 "
6095,9.4%," 41,840 "
6097,9.3%," 46,040 "
6099,11.8%," 64,320 "
6101,12.5%," 12,060 "
6103,14.5%," 9,310 "
6105,15.9%," 2,000 "
6107,14.9%," 69,330 "
6109,13.0%," 7,050 "
6111,8.5%," 72,180 "
6113,10.6%," 23,210 "
6115,13.2%," 10,260 "
8001,9.3%," 47,260 "
8003,12.7%," 2,050 "
8005,9.0%," 58,220 "
8007,10.5%," 1,430 "
8009,12.8%, 460 
8011,14.3%, 810 
8013,8.7%," 28,340 "
8014,7.6%," 5,310 "
8015,11.3%," 2,250 "
8017,9.2%, 180 
8019,9.9%, 940 
8021,12.3%," 1,000 "
8023,16.6%, 630 
8025,16.6%, 950 
8027,8.6%, 430 
8029,14.1%," 4,320 "
8031,11.1%," 79,290 "
8033,10.0%, 190 
8035,5.7%," 19,700 "
8037,9.1%," 4,970 "
8039,5.6%," 1,470 "
8041,10.2%," 72,680 "
8043,12.3%," 5,870 "
8045,8.0%," 4,780 "
8047,9.5%, 580 
8049,9.7%," 1,500 "
8051,9.8%," 1,680 "
8053,10.5%, 80 
8055,14.4%, 980 
8057,9.5%, 120 
8059,8.5%," 49,260 "
8061,9.5%, 140 
8063,8.4%, 610 
8065,11.7%, 920 
8067,9.7%," 5,460 "
8069,9.4%," 32,920 "
8071,13.8%," 1,980 "
8073,10.8%, 610 
8075,10.4%," 2,320 "
8077,12.1%," 18,470 "
8079,11.4%, 100 
8081,13.2%," 1,730 "
8083,12.4%," 3,250 "
8085,10.8%," 4,580 "
8087,8.9%," 2,560 "
8089,14.6%," 2,670 "
8091,9.9%, 490 
8093,7.7%," 1,410 "
8095,6.7%, 290 
8097,10.1%," 1,820 "
8099,11.8%," 1,420 "
8101,13.6%," 22,720 "
8103,10.2%, 650 
8105,12.6%," 1,420 "
8107,9.7%," 2,450 "
8109,11.9%, 800 
8111,12.3%, 80 
8113,12.2%, 990 
8115,12.6%, 290 
8117,9.7%," 2,970 "
8119,10.2%," 2,540 "
8121,9.2%, 450 
8123,8.9%," 28,190 "
8125,8.1%, 810 
9001,10.1%," 95,520 "
9003,11.6%," 103,890 "
9005,10.4%," 18,850 "
9007,9.8%," 15,900 "
9009,11.7%," 100,520 "
9011,12.2%," 32,590 "
9013,9.4%," 14,160 "
9015,12.8%," 14,930 "
10001,12.5%," 22,320 "
10003,10.1%," 56,430 "
10005,10.8%," 24,790 "
11001,9.8%," 68,820 "
12001,12.4%," 33,350 "
12003,10.5%," 3,000 "
12005,13.2%," 23,830 "
12007,15.0%," 4,150 "
12009,11.4%," 67,460 "
12011,10.8%," 210,540 "
12013,13.9%," 2,000 "
12015,12.9%," 24,000 "
12017,14.8%," 21,940 "
12019,9.5%," 20,470 "
12021,10.0%," 37,920 "
12023,13.2%," 9,330 "
12027,15.2%," 5,690 "
12029,14.6%," 2,450 "
12031,12.2%," 115,780 "
12033,12.7%," 40,300 "
12035,11.5%," 12,990 "
12037,14.8%," 1,760 "
12039,13.2%," 6,060 "
12041,12.4%," 2,260 "
12043,12.4%," 1,710 "
12045,12.6%," 1,900 "
12047,16.6%," 2,390 "
12049,14.3%," 3,860 "
12051,15.0%," 6,210 "
12053,13.8%," 26,250 "
12055,14.2%," 14,820 "
12057,11.4%," 165,220 "
12059,16.2%," 3,170 "
12061,11.2%," 17,650 "
12063,13.7%," 6,520 "
12065,12.4%," 1,770 "
12067,12.2%," 1,050 "
12069,12.4%," 44,100 "
12071,11.2%," 84,750 "
12073,12.0%," 34,920 "
12075,14.8%," 6,060 "
12077,15.4%," 1,280 "
12079,16.5%," 3,070 "
12081,11.2%," 44,000 "
12083,13.1%," 47,350 "
12085,10.4%," 16,750 "
12086,10.8%," 291,150 "
12087,11.3%," 8,520 "
12089,10.7%," 9,210 "
12091,11.2%," 23,190 "
12093,12.7%," 5,270 "
12095,12.8%," 175,830 "
12097,13.8%," 50,030 "
12099,10.6%," 157,710 "
12101,12.3%," 66,430 "
12103,12.2%," 118,890 "
12105,13.3%," 93,610 "
12107,16.2%," 11,930 "
12109,8.5%," 21,830 "
12111,11.7%," 37,400 "
12113,10.6%," 18,980 "
12115,10.8%," 46,190 "
12117,9.9%," 46,120 "
12119,11.4%," 14,800 "
12121,12.8%," 5,650 "
12123,15.3%," 3,330 "
12125,12.3%," 1,880 "
12127,12.9%," 70,350 "
12129,8.2%," 2,700 "
12131,11.8%," 8,410 "
12133,16.2%," 4,070 "
13001,14.2%," 2,620 "
13003,14.9%," 1,230 "
13005,16.2%," 1,800 "
13007,14.7%, 450 
13009,14.4%," 6,470 "
13011,12.7%," 2,390 "
13013,10.1%," 8,210 "
13015,11.8%," 12,550 "
13017,17.2%," 2,900 "
13019,16.3%," 3,120 "
13021,16.1%," 24,670 "
13023,14.2%," 1,830 "
13025,14.6%," 2,760 "
13027,14.0%," 2,170 "
13029,9.8%," 3,770 "
13031,13.5%," 10,530 "
13033,12.4%," 2,810 "
13035,14.6%," 3,560 "
13037,14.1%, 890 
13039,11.6%," 6,280 "
13043,16.4%," 1,770 "
13045,12.5%," 14,890 "
13047,10.7%," 7,180 "
13049,14.9%," 1,940 "
13051,12.5%," 36,110 "
13053,15.7%," 1,650 "
13055,17.0%," 4,210 "
13057,8.0%," 20,340 "
13059,15.0%," 19,010 "
13061,20.5%, 600 
13063,12.4%," 35,650 "
13065,16.1%," 1,070 "
13067,8.1%," 61,370 "
13069,14.2%," 6,100 "
13071,14.6%," 6,630 "
13073,7.4%," 11,400 "
13075,13.8%," 2,380 "
13077,9.1%," 13,280 "
13079,13.4%," 1,640 "
13081,19.1%," 4,310 "
13083,12.1%," 1,950 "
13085,9.6%," 2,430 "
13087,14.6%," 3,880 "
13089,11.1%," 84,090 "
13091,14.8%," 3,080 "
13093,14.4%," 1,960 "
13095,17.1%," 15,160 "
13097,9.5%," 13,820 "
13099,16.7%," 1,710 "
13101,13.9%, 550 
13103,8.3%," 5,190 "
13105,16.2%," 3,100 "
13107,16.9%," 3,800 "
13109,14.1%," 1,500 "
13111,12.9%," 3,340 "
13113,6.5%," 7,340 "
13115,14.4%," 14,060 "
13117,6.2%," 14,580 "
13119,15.7%," 3,610 "
13121,11.3%," 118,810 "
13123,13.4%," 4,150 "
13125,12.8%, 380 
13127,13.3%," 11,310 "
13129,13.2%," 7,600 "
13131,13.2%," 3,260 "
13133,11.2%," 1,990 "
13135,8.4%," 77,750 "
13137,11.8%," 5,320 "
13139,10.4%," 20,870 "
13141,14.6%," 1,240 "
13143,13.0%," 3,850 "
13145,7.5%," 2,600 "
13147,12.9%," 3,360 "
13149,17.2%," 2,020 "
13151,8.2%," 18,910 "
13153,10.0%," 15,490 "
13155,14.3%," 1,340 "
13157,9.3%," 6,550 "
13159,12.2%," 1,720 "
13161,14.7%," 2,210 "
13163,13.6%," 2,110 "
13165,18.3%," 1,610 "
13167,14.8%," 1,430 "
13169,9.4%," 2,690 "
13171,12.8%," 2,400 "
13173,17.1%," 1,800 "
13175,16.3%," 7,720 "
13177,9.5%," 2,830 "
13179,12.0%," 7,460 "
13181,13.9%," 1,100 "
13183,14.6%," 2,810 "
13185,14.1%," 16,440 "
13187,10.5%," 3,460 "
13189,13.4%," 2,860 "
13191,11.9%," 1,690 "
13193,15.9%," 2,080 "
13195,14.6%," 4,340 "
13197,11.0%, 930 
13199,16.4%," 3,470 "
13201,12.9%, 740 
13205,16.0%," 3,520 "
13207,12.2%," 3,340 "
13209,12.2%," 1,110 "
13211,9.0%," 1,690 "
13213,13.6%," 5,400 "
13215,15.3%," 29,860 "
13217,11.5%," 12,640 "
13219,6.8%," 2,660 "
13221,10.4%," 1,570 "
13223,8.0%," 13,090 "
13225,13.7%," 3,770 "
13227,11.8%," 3,780 "
13229,12.4%," 2,390 "
13231,9.0%," 1,660 "
13233,14.2%," 6,010 "
13235,14.4%," 1,610 "
13237,13.9%," 3,040 "
13239,12.1%, 280 
13241,15.5%," 2,620 "
13243,16.7%," 1,150 "
13245,15.7%," 31,740 "
13247,9.3%," 8,360 "
13249,11.1%, 580 
13251,14.6%," 2,040 "
13253,17.0%," 1,400 "
13255,13.8%," 9,140 "
13257,13.6%," 3,520 "
13259,15.5%," 1,000 "
13261,14.6%," 4,350 "
13263,11.7%, 730 
13265,14.9%, 240 
13267,13.9%," 3,520 "
13269,19.1%," 1,550 "
13271,17.3%," 2,750 "
13273,17.8%," 1,540 "
13275,13.5%," 6,010 "
13277,13.8%," 5,610 "
13279,15.1%," 4,070 "
13281,12.4%," 1,470 "
13283,19.7%," 1,340 "
13285,14.6%," 10,200 "
13287,17.9%," 1,420 "
13289,11.8%, 960 
13291,13.1%," 3,140 "
13293,14.8%," 3,910 "
13295,13.6%," 9,430 "
13297,10.4%," 9,700 "
13299,14.9%," 5,330 "
13301,14.9%, 780 
13303,14.0%," 2,840 "
13305,13.1%," 3,920 "
13307,14.4%, 370 
13309,16.4%," 1,290 "
13311,11.7%," 3,500 "
13313,12.3%," 12,790 "
13315,14.2%," 1,240 "
13317,15.1%," 1,480 "
13319,14.1%," 1,260 "
13321,13.5%," 2,750 "
15001,14.5%," 29,120 "
15003,12.2%," 119,100 "
15005,13.4%, 60 
15007,14.2%," 10,250 "
15009,15.6%," 25,980 "
16001,7.8%," 36,850 "
16003,13.7%, 580 
16005,10.6%," 9,170 "
16007,9.7%, 590 
16009,12.6%," 1,160 "
16011,8.4%," 3,900 "
16013,9.6%," 2,180 "
16015,11.2%, 860 
16017,11.5%," 5,160 "
16019,8.1%," 9,450 "
16021,13.4%," 1,630 "
16023,12.4%, 320 
16025,10.9%, 120 
16027,9.3%," 20,840 "
16029,7.0%, 490 
16031,8.1%," 1,940 "
16033,6.8%, 60 
16035,12.8%," 1,120 "
16037,13.6%, 570 
16039,11.4%," 3,080 "
16041,7.2%, 990 
16043,9.0%," 1,180 "
16045,12.1%," 2,160 "
16047,9.8%," 1,500 "
16049,12.0%," 1,970 "
16051,6.0%," 1,760 "
16053,9.4%," 2,260 "
16055,10.2%," 16,420 "
16057,10.5%," 4,200 "
16059,11.8%, 940 
16061,14.7%, 570 
16063,9.2%, 490 
16065,10.8%," 4,280 "
16067,9.5%," 1,970 "
16069,10.5%," 4,240 "
16071,9.6%, 420 
16073,10.7%," 1,260 "
16075,10.0%," 2,370 "
16077,8.6%, 650 
16079,15.7%," 1,990 "
16081,6.2%, 730 
16083,9.9%," 8,510 "
16085,9.3%," 1,030 "
16087,10.5%," 1,070 "
17001,10.6%," 6,950 "
17003,17.3%," 1,040 "
17005,10.8%," 1,790 "
17007,9.1%," 4,870 "
17009,8.0%, 530 
17011,10.4%," 3,420 "
17013,9.7%, 470 
17015,10.2%," 1,470 "
17017,10.3%," 1,270 "
17019,10.5%," 22,010 "
17021,10.6%," 3,480 "
17023,10.0%," 1,560 "
17025,14.4%," 1,900 "
17027,8.1%," 3,040 "
17029,14.2%," 7,250 "
17031,10.9%," 566,030 "
17033,10.4%," 1,970 "
17035,9.3%," 1,000 "
17037,11.1%," 11,580 "
17039,9.0%," 1,410 "
17041,8.7%," 1,690 "
17043,6.7%," 62,280 "
17045,10.7%," 1,850 "
17047,11.3%, 730 
17049,9.7%," 3,320 "
17051,12.3%," 2,640 "
17053,10.6%," 1,390 "
17055,16.1%," 6,240 "
17057,11.8%," 4,080 "
17059,16.3%, 810 
17061,10.6%," 1,380 "
17063,8.2%," 4,170 "
17065,12.0%, 980 
17067,10.8%," 1,920 "
17069,14.2%, 550 
17071,9.2%, 620 
17073,9.9%," 4,840 "
17075,10.1%," 2,760 "
17077,14.2%," 8,160 "
17079,10.5%," 1,000 "
17081,13.5%," 5,080 "
17083,8.7%," 1,900 "
17085,10.1%," 2,170 "
17087,10.9%," 1,350 "
17089,7.3%," 38,650 "
17091,10.8%," 11,870 "
17093,5.1%," 6,520 "
17095,13.0%," 6,490 "
17097,7.1%," 49,570 "
17099,11.7%," 12,730 "
17101,12.3%," 1,940 "
17103,10.9%," 3,740 "
17105,10.8%," 3,860 "
17107,9.8%," 2,820 "
17109,11.8%," 3,550 "
17111,7.2%," 22,050 "
17113,9.2%," 15,910 "
17115,12.5%," 13,070 "
17117,11.1%," 5,010 "
17119,10.4%," 27,540 "
17121,13.7%," 5,130 "
17123,10.1%," 1,160 "
17125,12.9%," 1,750 "
17127,14.3%," 2,010 "
17129,8.5%," 1,050 "
17131,9.8%," 1,530 "
17133,5.2%," 1,790 "
17135,12.6%," 3,620 "
17137,11.4%," 3,870 "
17139,8.1%," 1,190 "
17141,9.9%," 5,030 "
17143,12.5%," 22,590 "
17145,14.3%," 3,010 "
17147,6.8%," 1,110 "
17149,11.1%," 1,730 "
17151,16.1%, 670 
17153,15.1%, 820 
17155,9.7%, 560 
17157,10.8%," 3,440 "
17159,11.6%," 1,820 "
17161,11.6%," 16,590 "
17163,11.0%," 28,830 "
17165,15.6%," 3,710 "
17167,11.2%," 21,900 "
17169,13.2%, 910 
17171,10.0%, 500 
17173,9.4%," 2,030 "
17175,10.7%, 580 
17177,11.6%," 5,170 "
17179,9.2%," 12,240 "
17181,13.2%," 2,220 "
17183,12.9%," 9,930 "
17185,11.9%," 1,350 "
17187,9.4%," 1,590 "
17189,7.7%," 1,070 "
17191,12.2%," 1,990 "
17193,12.8%," 1,750 "
17195,9.8%," 5,460 "
17197,6.8%," 47,130 "
17199,12.8%," 8,550 "
17201,13.2%," 37,300 "
17203,6.9%," 2,650 "
18001,12.0%," 4,260 "
18003,12.0%," 44,920 "
18005,12.1%," 10,110 "
18007,12.7%," 1,100 "
18009,16.2%," 1,930 "
18011,7.5%," 5,010 "
18013,10.4%," 1,570 "
18015,10.4%," 2,080 "
18017,12.3%," 4,620 "
18019,11.2%," 13,150 "
18021,12.6%," 3,320 "
18023,11.1%," 3,560 "
18025,15.4%," 1,630 "
18027,11.0%," 3,660 "
18029,10.5%," 5,220 "
18031,12.0%," 3,200 "
18033,11.3%," 4,890 "
18035,15.1%," 17,320 "
18037,9.2%," 3,900 "
18039,11.3%," 23,190 "
18041,17.0%," 3,920 "
18043,10.6%," 8,290 "
18045,13.1%," 2,160 "
18047,9.7%," 2,200 "
18049,12.9%," 2,600 "
18051,11.1%," 3,730 "
18053,14.9%," 9,870 "
18055,13.3%," 4,280 "
18057,6.8%," 22,370 "
18059,8.8%," 6,730 "
18061,11.0%," 4,420 "
18063,7.4%," 12,290 "
18065,13.5%," 6,510 "
18067,14.4%," 11,850 "
18069,11.9%," 4,310 "
18071,13.3%," 5,870 "
18073,11.0%," 3,690 "
18075,13.4%," 2,770 "
18077,14.3%," 4,590 "
18079,12.6%," 3,480 "
18081,9.4%," 14,630 "
18083,14.4%," 5,310 "
18085,10.5%," 8,270 "
18087,8.7%," 3,450 "
18089,13.1%," 63,560 "
18091,13.9%," 15,240 "
18093,12.3%," 5,600 "
18095,14.5%," 18,820 "
18097,13.4%," 128,270 "
18099,11.6%," 5,400 "
18101,11.7%," 1,190 "
18103,14.3%," 5,100 "
18105,13.3%," 19,540 "
18107,11.5%," 4,390 "
18109,9.9%," 6,950 "
18111,12.4%," 1,730 "
18113,11.0%," 5,230 "
18115,11.8%, 690 
18117,16.3%," 3,190 "
18119,13.5%," 2,820 "
18121,12.6%," 2,130 "
18123,12.3%," 2,360 "
18125,10.9%," 1,350 "
18127,10.7%," 18,070 "
18129,9.7%," 2,460 "
18131,12.0%," 1,490 "
18133,10.6%," 3,960 "
18135,12.5%," 3,090 "
18137,11.7%," 3,320 "
18139,13.2%," 2,200 "
18141,13.2%," 35,660 "
18143,16.7%," 3,960 "
18145,12.0%," 5,350 "
18147,10.1%," 2,060 "
18149,14.4%," 3,300 "
18151,10.8%," 3,750 "
18153,13.1%," 2,700 "
18155,17.4%," 1,870 "
18157,12.5%," 24,180 "
18159,10.7%," 1,620 "
18161,9.9%, 710 
18163,14.0%," 25,330 "
18165,14.5%," 2,240 "
18167,15.3%," 16,390 "
18169,11.8%," 3,670 "
18171,11.1%, 910 
18173,8.4%," 5,250 "
18175,13.3%," 3,730 "
18177,14.6%," 9,690 "
18179,9.9%," 2,790 "
18181,10.4%," 2,510 "
18183,10.4%," 3,530 "
19001,8.9%, 630 
19003,8.7%, 320 
19005,7.6%," 1,040 "
19007,13.2%," 1,640 "
19009,8.0%, 440 
19011,6.9%," 1,770 "
19013,9.8%," 12,900 "
19015,6.4%," 1,700 "
19017,5.3%," 1,340 "
19019,6.5%," 1,380 "
19021,6.5%," 1,290 "
19023,8.1%," 1,170 "
19025,7.6%, 730 
19027,6.4%," 1,280 "
19029,8.2%," 1,070 "
19031,6.0%," 1,120 "
19033,8.3%," 3,560 "
19035,7.9%, 900 
19037,7.0%, 840 
19039,10.9%," 1,020 "
19041,8.8%," 1,420 "
19043,9.9%," 1,730 "
19045,10.4%," 4,840 "
19047,10.3%," 1,750 "
19049,4.5%," 4,060 "
19051,6.8%, 610 
19053,10.2%, 810 
19055,6.3%," 1,070 "
19057,11.5%," 4,520 "
19059,7.3%," 1,260 "
19061,7.9%," 7,700 "
19063,8.1%, 760 
19065,9.3%," 1,830 "
19067,10.0%," 1,570 "
19069,8.2%, 820 
19071,6.3%, 430 
19073,8.6%, 770 
19075,5.1%, 630 
19077,7.1%, 760 
19079,6.5%, 960 
19081,8.2%, 870 
19083,7.7%," 1,310 "
19085,7.3%," 1,030 "
19087,8.6%," 1,710 "
19089,6.8%, 620 
19091,9.3%, 890 
19093,7.9%, 550 
19095,6.5%," 1,050 "
19097,8.5%," 1,650 "
19099,8.0%," 2,960 "
19101,9.9%," 1,790 "
19103,7.6%," 11,510 "
19105,7.8%," 1,610 "
19107,9.6%, 970 
19109,8.6%," 1,290 "
19111,9.9%," 3,340 "
19113,7.5%," 16,980 "
19115,6.8%, 760 
19117,10.1%, 870 
19119,3.9%, 460 
19121,6.1%, 990 
19123,9.3%," 2,090 "
19125,7.3%," 2,410 "
19127,8.5%," 3,390 "
19129,6.5%, 970 
19131,5.9%, 620 
19133,9.8%, 850 
19135,9.3%, 720 
19137,9.0%, 910 
19139,7.2%," 3,100 "
19141,7.7%," 1,060 "
19143,7.3%, 440 
19145,9.2%," 1,390 "
19147,6.9%, 610 
19149,6.0%," 1,500 "
19151,7.8%, 520 
19153,8.0%," 38,870 "
19155,8.6%," 8,010 "
19157,8.4%," 1,540 "
19159,7.9%, 390 
19161,6.7%, 650 
19163,8.7%," 15,060 "
19165,6.8%, 790 
19167,3.8%," 1,320 "
19169,7.3%," 7,140 "
19171,8.2%," 1,400 "
19173,6.1%, 380 
19175,9.8%," 1,210 "
19177,9.4%, 670 
19179,11.1%," 3,880 "
19181,5.7%," 2,910 "
19183,7.0%," 1,540 "
19185,9.6%, 620 
19187,10.1%," 3,690 "
19189,7.6%, 800 
19191,7.1%," 1,430 "
19193,8.3%," 8,500 "
19195,6.7%, 500 
19197,8.5%," 1,070 "
20001,13.3%," 1,660 "
20003,11.7%, 920 
20005,12.2%," 1,970 "
20007,13.6%, 610 
20009,11.5%," 3,020 "
20011,12.8%," 1,860 "
20013,12.4%," 1,190 "
20015,10.5%," 7,050 "
20017,9.3%, 240 
20019,16.0%, 530 
20021,13.4%," 2,690 "
20023,9.6%, 250 
20025,10.1%, 200 
20027,10.2%, 820 
20029,10.4%, 920 
20031,11.5%, 950 
20033,10.6%, 190 
20035,12.7%," 4,470 "
20037,14.3%," 5,560 "
20039,13.3%, 380 
20041,10.6%," 1,970 "
20043,11.5%, 880 
20045,11.5%," 13,900 "
20047,8.1%, 230 
20049,13.5%, 340 
20051,9.8%," 2,820 "
20053,8.8%, 540 
20055,8.0%," 2,920 "
20057,7.4%," 2,480 "
20059,11.1%," 2,860 "
20061,13.3%," 4,430 "
20063,9.7%, 260 
20065,10.6%, 260 
20067,7.6%, 560 
20069,4.7%, 290 
20071,9.6%, 110 
20073,12.3%, 740 
20075,6.3%, 160 
20077,12.5%, 690 
20079,10.3%," 3,550 "
20081,6.7%, 270 
20083,9.0%, 170 
20085,11.0%," 1,460 "
20087,8.2%," 1,560 "
20089,11.9%, 340 
20091,7.2%," 42,860 "
20093,10.5%, 410 
20095,9.2%, 660 
20097,9.0%, 220 
20099,13.8%," 2,750 "
20101,10.5%, 160 
20103,9.3%," 7,540 "
20105,9.9%, 300 
20107,13.6%," 1,320 "
20109,10.5%, 290 
20111,10.4%," 3,450 "
20113,8.9%," 2,550 "
20115,9.3%," 1,100 "
20117,8.5%, 830 
20119,7.5%, 310 
20121,8.7%," 2,940 "
20123,10.8%, 650 
20125,15.0%," 4,820 "
20127,10.1%, 560 
20129,12.0%, 320 
20131,8.8%, 890 
20133,13.9%," 2,220 "
20135,9.2%, 260 
20137,8.5%, 460 
20139,11.7%," 1,850 "
20141,11.0%, 380 
20143,9.6%, 560 
20145,11.3%, 740 
20147,11.4%, 600 
20149,8.0%," 1,950 "
20151,9.3%, 860 
20153,10.2%, 250 
20155,11.3%," 7,040 "
20157,8.9%, 410 
20159,11.0%," 1,050 "
20161,12.7%," 9,380 "
20163,9.0%, 450 
20165,9.8%, 290 
20167,11.0%, 760 
20169,11.3%," 6,170 "
20171,7.6%, 370 
20173,12.9%," 66,610 "
20175,8.0%," 1,760 "
20177,10.5%," 18,610 "
20179,7.0%, 180 
20181,8.2%, 480 
20183,9.5%, 340 
20185,9.6%, 400 
20187,10.0%, 200 
20189,9.6%, 530 
20191,13.2%," 3,030 "
20193,8.1%, 630 
20195,8.2%, 230 
20197,8.4%, 580 
20199,11.5%, 180 
20201,8.8%, 480 
20203,7.9%, 170 
20205,14.0%," 1,210 "
20207,13.1%, 410 
20209,12.9%," 21,330 "
21001,15.2%," 2,950 "
21003,13.7%," 2,880 "
21005,13.1%," 2,960 "
21007,13.4%," 1,060 "
21009,17.8%," 7,860 "
21011,18.6%," 2,310 "
21013,21.9%," 5,790 "
21015,7.9%," 10,440 "
21017,12.6%," 2,510 "
21019,16.0%," 7,590 "
21021,13.4%," 4,040 "
21023,14.4%," 1,200 "
21025,24.5%," 3,140 "
21027,14.7%," 2,980 "
21029,10.4%," 8,410 "
21031,14.8%," 1,890 "
21033,15.5%," 1,970 "
21035,14.3%," 5,580 "
21037,10.7%," 10,010 "
21039,12.3%, 580 
21041,16.1%," 1,730 "
21043,18.4%," 4,970 "
21045,17.3%," 2,760 "
21047,15.4%," 11,010 "
21049,13.9%," 5,040 "
21051,23.5%," 4,720 "
21053,15.9%," 1,620 "
21055,13.3%," 1,190 "
21057,14.7%, 980 
21059,13.0%," 13,120 "
21061,15.8%," 1,920 "
21063,20.8%," 1,550 "
21065,20.2%," 2,870 "
21067,11.4%," 36,600 "
21069,16.3%," 2,370 "
21071,20.8%," 7,470 "
21073,12.4%," 6,300 "
21075,17.1%," 1,040 "
21077,12.4%," 1,090 "
21079,11.4%," 2,000 "
21081,12.7%," 3,180 "
21083,14.4%," 5,350 "
21085,17.6%," 4,640 "
21087,17.3%," 1,910 "
21089,15.1%," 5,350 "
21091,12.3%," 1,070 "
21093,11.9%," 13,010 "
21095,25.4%," 6,680 "
21097,13.8%," 2,580 "
21099,16.1%," 3,030 "
21101,15.1%," 6,860 "
21103,14.1%," 2,260 "
21105,14.4%, 640 
21107,15.7%," 7,050 "
21109,21.9%," 2,920 "
21111,11.5%," 88,230 "
21113,11.3%," 6,050 "
21115,18.4%," 4,120 "
21117,10.8%," 18,010 "
21119,22.2%," 3,340 "
21121,20.6%," 6,450 "
21123,14.1%," 2,010 "
21125,16.4%," 9,970 "
21127,18.5%," 2,890 "
21129,21.8%," 1,550 "
21131,22.9%," 2,310 "
21133,22.6%," 4,950 "
21135,19.6%," 2,610 "
21137,15.4%," 3,780 "
21139,14.0%," 1,290 "
21141,13.2%," 3,580 "
21143,13.6%," 1,120 "
21145,12.9%," 8,450 "
21147,20.2%," 3,500 "
21149,12.5%," 1,150 "
21151,13.5%," 12,420 "
21153,25.1%," 3,100 "
21155,16.2%," 3,120 "
21157,11.0%," 3,430 "
21159,18.8%," 2,150 "
21161,14.7%," 2,510 "
21163,12.3%," 3,480 "
21165,17.5%," 1,130 "
21167,12.8%," 2,770 "
21169,16.8%," 1,690 "
21171,16.8%," 1,780 "
21173,15.8%," 4,440 "
21175,16.8%," 2,230 "
21177,14.9%," 4,580 "
21179,10.0%," 4,610 "
21181,17.3%," 1,240 "
21183,13.5%," 3,250 "
21185,5.4%," 3,620 "
21187,13.6%," 1,480 "
21189,21.7%, 960 
21191,13.8%," 2,010 "
21193,18.1%," 4,750 "
21195,19.2%," 11,260 "
21197,17.3%," 2,120 "
21199,16.7%," 10,790 "
21201,16.7%, 360 
21203,16.4%," 2,760 "
21205,17.4%," 4,260 "
21207,16.6%," 2,960 "
21209,10.0%," 5,620 "
21211,9.1%," 4,380 "
21213,12.1%," 2,210 "
21215,8.6%," 1,620 "
21217,14.9%," 3,810 "
21219,14.1%," 1,740 "
21221,14.0%," 2,040 "
21223,14.7%," 1,250 "
21225,14.4%," 2,100 "
21227,12.9%," 16,830 "
21229,12.5%," 1,510 "
21231,16.1%," 3,300 "
21233,16.8%," 2,180 "
21235,17.2%," 6,220 "
21237,25.9%," 1,860 "
21239,9.9%," 2,620 "
22001,17.3%," 10,790 "
22003,14.7%," 3,760 "
22005,9.5%," 11,880 "
22007,16.4%," 3,640 "
22009,18.2%," 7,350 "
22011,13.6%," 5,100 "
22013,19.2%," 2,570 "
22015,13.1%," 16,680 "
22017,16.0%," 39,040 "
22019,14.2%," 28,770 "
22021,16.1%," 1,600 "
22023,10.2%, 710 
22025,16.2%," 1,550 "
22027,19.2%," 3,050 "
22029,17.9%," 3,490 "
22031,15.5%," 4,260 "
22033,12.9%," 57,100 "
22035,25.9%," 1,800 "
22037,11.4%," 2,190 "
22039,20.8%," 6,960 "
22041,18.0%," 3,620 "
22043,13.7%," 3,060 "
22045,16.6%," 11,770 "
22047,14.2%," 4,620 "
22049,16.0%," 2,530 "
22051,13.9%," 60,310 "
22053,15.5%," 4,860 "
22055,12.9%," 31,330 "
22057,14.1%," 13,810 "
22059,12.4%," 1,850 "
22061,16.6%," 7,840 "
22063,10.9%," 15,390 "
22065,20.6%," 2,290 "
22067,17.6%," 4,440 "
22069,16.5%," 6,360 "
22071,17.3%," 67,740 "
22073,15.7%," 24,270 "
22075,13.8%," 3,210 "
22077,16.8%," 3,670 "
22079,14.4%," 18,720 "
22081,16.8%," 1,430 "
22083,17.9%," 3,620 "
22085,15.5%," 3,720 "
22087,17.4%," 8,130 "
22089,10.5%," 5,560 "
22091,17.5%," 1,790 "
22093,11.9%," 2,530 "
22095,12.4%," 5,360 "
22097,15.8%," 13,040 "
22099,13.5%," 7,220 "
22101,16.6%," 8,310 "
22103,11.6%," 29,910 "
22105,16.3%," 21,790 "
22107,18.0%, 800 
22109,15.0%," 16,690 "
22111,14.6%," 3,250 "
22113,14.6%," 8,740 "
22115,15.6%," 7,710 "
22117,17.7%," 8,210 "
22119,17.6%," 6,830 "
22121,11.7%," 3,090 "
22123,16.0%," 1,750 "
22125,9.3%," 1,440 "
22127,14.9%," 2,120 "
23001,12.0%," 12,920 "
23003,13.5%," 9,140 "
23005,9.2%," 27,140 "
23007,11.2%," 3,360 "
23009,10.5%," 5,740 "
23011,11.6%," 14,170 "
23013,9.9%," 3,960 "
23015,10.7%," 3,690 "
23017,12.7%," 7,330 "
23019,12.2%," 18,570 "
23021,15.2%," 2,560 "
23023,9.5%," 3,410 "
23025,15.5%," 7,820 "
23027,11.2%," 4,450 "
23029,15.0%," 4,700 "
23031,9.5%," 19,670 "
24001,15.6%," 11,040 "
24003,8.3%," 47,920 "
24005,10.3%," 85,270 "
24009,7.2%," 6,590 "
24011,12.2%," 4,050 "
24013,8.5%," 14,310 "
24015,11.1%," 11,470 "
24017,7.2%," 11,570 "
24019,14.0%," 4,490 "
24021,8.9%," 22,780 "
24023,13.2%," 3,840 "
24025,8.9%," 22,480 "
24027,7.3%," 23,390 "
24029,12.0%," 2,340 "
24031,8.3%," 87,190 "
24033,8.1%," 74,130 "
24035,8.9%," 4,440 "
24037,9.6%," 10,830 "
24039,14.8%," 3,810 "
24041,10.8%," 4,020 "
24043,13.2%," 19,850 "
24045,13.2%," 13,680 "
24047,13.7%," 7,130 "
24510,15.5%," 93,350 "
25001,8.6%," 18,410 "
25003,10.3%," 12,950 "
25005,11.0%," 61,940 "
25007,8.2%," 1,430 "
25009,9.4%," 73,630 "
25011,9.9%," 7,010 "
25013,12.2%," 57,150 "
25015,8.1%," 13,090 "
25017,7.2%," 116,020 "
25019,7.8%, 870 
25021,7.0%," 49,120 "
25023,7.5%," 39,020 "
25025,12.2%," 97,820 "
25027,9.1%," 75,560 "
26001,16.3%," 1,690 "
26003,14.2%," 1,290 "
26005,9.6%," 11,260 "
26007,14.5%," 4,110 "
26009,12.6%," 2,940 "
26011,15.8%," 2,370 "
26013,15.5%," 1,290 "
26015,10.1%," 6,190 "
26017,14.6%," 15,080 "
26019,12.1%," 2,140 "
26021,14.0%," 21,600 "
26023,13.6%," 5,900 "
26025,14.9%," 19,900 "
26027,13.0%," 6,720 "
26029,12.6%," 3,290 "
26031,16.7%," 4,250 "
26033,15.4%," 5,750 "
26035,19.3%," 5,910 "
26037,9.2%," 7,230 "
26039,16.2%," 2,260 "
26041,14.5%," 5,210 "
26043,11.9%," 3,030 "
26045,11.4%," 12,530 "
26047,13.0%," 4,320 "
26049,16.1%," 65,660 "
26051,15.4%," 3,900 "
26053,14.0%," 2,060 "
26055,11.8%," 10,940 "
26057,13.7%," 5,590 "
26059,14.1%," 6,460 "
26061,13.4%," 4,820 "
26063,13.2%," 4,120 "
26065,13.3%," 38,760 "
26067,11.3%," 7,310 "
26069,16.0%," 4,020 "
26071,14.4%," 1,590 "
26073,15.5%," 10,920 "
26075,13.0%," 20,620 "
26077,12.0%," 31,740 "
26079,15.9%," 2,810 "
26081,10.8%," 70,540 "
26083,10.8%, 230 
26085,17.9%," 2,110 "
26087,13.3%," 11,710 "
26089,9.4%," 2,030 "
26091,12.4%," 12,150 "
26093,9.4%," 17,880 "
26095,15.4%, 970 
26097,17.6%," 1,900 "
26099,13.3%," 116,040 "
26101,13.5%," 3,310 "
26103,13.4%," 8,890 "
26105,14.5%," 4,220 "
26107,15.1%," 6,550 "
26109,12.1%," 2,760 "
26111,11.4%," 9,530 "
26113,14.2%," 2,130 "
26115,12.4%," 18,550 "
26117,13.6%," 8,630 "
26119,17.8%," 1,650 "
26121,14.1%," 24,540 "
26123,14.4%," 7,000 "
26125,10.7%," 134,340 "
26127,13.8%," 3,670 "
26129,17.0%," 3,560 "
26131,15.5%, 900 
26133,14.9%," 3,470 "
26135,16.2%," 1,340 "
26137,14.5%," 3,560 "
26139,8.7%," 25,130 "
26141,15.0%," 1,900 "
26143,18.1%," 4,320 "
26145,14.9%," 28,560 "
26147,14.9%," 23,770 "
26149,14.1%," 8,560 "
26151,15.1%," 6,210 "
26153,15.6%," 1,250 "
26155,13.2%," 8,990 "
26157,14.6%," 7,700 "
26159,13.0%," 9,820 "
26161,10.4%," 38,470 "
26163,17.6%," 308,080 "
26165,14.5%," 4,830 "
27001,10.9%," 1,730 "
27003,5.4%," 19,000 "
27005,8.5%," 2,910 "
27007,11.4%," 5,340 "
27009,8.1%," 3,260 "
27011,8.9%, 440 
27013,8.4%," 5,670 "
27015,6.2%," 1,570 "
27017,8.9%," 3,160 "
27019,3.6%," 3,720 "
27021,10.8%," 3,180 "
27023,8.3%, 980 
27025,6.1%," 3,400 "
27027,7.7%," 4,950 "
27029,12.2%," 1,080 "
27031,9.6%, 520 
27033,8.3%, 930 
27035,9.0%," 5,830 "
27037,5.4%," 23,150 "
27039,4.5%, 930 
27041,6.9%," 2,610 "
27043,8.4%," 1,150 "
27045,6.9%," 1,460 "
27047,7.6%," 2,320 "
27049,7.0%," 3,250 "
27051,7.9%, 470 
27053,7.5%," 94,710 "
27055,6.0%," 1,120 "
27057,9.2%," 1,970 "
27059,7.0%," 2,810 "
27061,10.5%," 4,760 "
27063,6.0%, 600 
27065,9.3%," 1,500 "
27067,6.8%," 2,910 "
27069,8.0%, 340 
27071,10.5%," 1,300 "
27073,7.2%, 480 
27075,8.2%, 870 
27077,7.2%, 270 
27079,6.9%," 1,970 "
27081,7.7%, 440 
27083,7.8%," 2,000 "
27085,6.8%," 2,440 "
27087,16.1%, 890 
27089,6.8%, 630 
27091,9.5%," 1,870 "
27093,6.1%," 1,420 "
27095,10.3%," 2,680 "
27097,8.6%," 2,830 "
27099,8.4%," 3,360 "
27101,6.5%, 540 
27103,6.9%," 2,360 "
27105,6.6%," 1,420 "
27107,7.7%, 500 
27109,6.1%," 9,620 "
27111,7.3%," 4,260 "
27113,8.3%," 1,170 "
27115,10.3%," 3,010 "
27117,7.4%, 680 
27119,8.7%," 2,730 "
27121,7.1%, 780 
27123,9.5%," 51,980 "
27125,8.0%, 320 
27127,7.2%," 1,100 "
27129,7.3%," 1,060 "
27131,6.4%," 4,260 "
27133,6.4%, 600 
27135,6.7%," 1,030 "
27137,10.0%," 20,040 "
27139,4.4%," 6,450 "
27141,5.1%," 4,910 "
27143,6.3%, 940 
27145,7.9%," 12,640 "
27147,6.3%," 2,320 "
27149,6.3%, 610 
27151,9.0%, 840 
27153,8.6%," 2,110 "
27155,7.9%, 260 
27157,6.8%," 1,460 "
27159,11.3%," 1,550 "
27161,7.0%," 1,310 "
27163,4.4%," 11,400 "
27165,7.4%, 810 
27167,7.3%, 460 
27169,7.1%," 3,590 "
27171,4.8%," 6,560 "
27173,7.0%, 690 
28001,21.9%," 6,800 "
28003,17.5%," 6,480 "
28005,21.7%," 2,680 "
28007,19.0%," 3,480 "
28009,16.2%," 1,340 "
28011,20.6%," 6,420 "
28013,18.2%," 2,620 "
28015,15.1%," 1,500 "
28017,18.6%," 3,170 "
28019,16.7%," 1,370 "
28021,22.2%," 2,010 "
28023,17.9%," 2,800 "
28025,17.6%," 3,430 "
28027,23.3%," 5,290 "
28029,15.7%," 4,440 "
28031,18.1%," 3,410 "
28033,11.3%," 20,600 "
28035,20.0%," 15,010 "
28037,18.0%," 1,390 "
28039,18.4%," 4,420 "
28041,17.1%," 2,320 "
28043,18.1%," 3,800 "
28045,15.3%," 7,260 "
28047,18.2%," 37,470 "
28049,15.8%," 37,160 "
28051,27.6%," 4,810 "
28053,25.4%," 2,080 "
28055,23.1%, 280 
28057,14.6%," 3,420 "
28059,16.8%," 23,970 "
28061,16.5%," 2,720 "
28063,21.0%," 1,500 "
28065,16.9%," 1,890 "
28067,17.2%," 11,740 "
28069,19.4%," 1,910 "
28071,14.7%," 7,940 "
28073,15.3%," 9,580 "
28075,17.9%," 13,520 "
28077,18.0%," 2,270 "
28079,19.5%," 4,440 "
28081,14.8%," 12,650 "
28083,20.0%," 5,750 "
28085,17.2%," 5,880 "
28087,16.0%," 9,430 "
28089,11.4%," 12,040 "
28091,19.3%," 4,790 "
28093,16.4%," 5,830 "
28095,16.2%," 5,750 "
28097,19.6%," 1,950 "
28099,19.7%," 5,770 "
28101,17.9%," 3,790 "
28103,20.5%," 2,160 "
28105,17.0%," 8,450 "
28107,17.5%," 5,960 "
28109,16.1%," 8,940 "
28111,19.0%," 2,280 "
28113,21.1%," 8,300 "
28115,16.3%," 5,220 "
28117,18.2%," 4,580 "
28119,22.3%," 1,570 "
28121,11.3%," 17,400 "
28123,17.9%," 5,070 "
28125,19.1%, 850 
28127,15.8%," 4,230 "
28129,14.9%," 2,370 "
28131,17.3%," 3,170 "
28133,21.0%," 5,400 "
28135,18.0%," 2,530 "
28137,14.9%," 4,240 "
28139,19.2%," 4,210 "
28141,19.0%," 3,690 "
28143,23.0%," 2,260 "
28145,14.9%," 4,240 "
28147,16.9%," 2,440 "
28149,17.4%," 7,990 "
28151,22.9%," 10,330 "
28153,17.8%," 3,630 "
28155,17.7%," 1,720 "
28157,21.7%," 1,900 "
28159,18.4%," 3,330 "
28161,16.9%," 2,080 "
28163,22.6%," 6,450 "
29001,13.5%," 3,440 "
29003,9.4%," 1,650 "
29005,11.9%, 620 
29007,13.8%," 3,490 "
29009,14.5%," 5,170 "
29011,16.4%," 1,920 "
29013,13.7%," 2,220 "
29015,16.7%," 3,220 "
29017,14.2%," 1,730 "
29019,11.5%," 20,670 "
29021,13.4%," 11,790 "
29023,18.1%," 7,720 "
29025,13.3%," 1,200 "
29027,10.3%," 4,630 "
29029,13.6%," 6,250 "
29031,12.1%," 9,570 "
29033,12.4%," 1,080 "
29035,16.8%," 1,020 "
29037,9.9%," 10,390 "
29039,15.4%," 2,180 "
29041,12.0%, 900 
29043,10.7%," 9,320 "
29045,12.6%, 850 
29047,10.0%," 24,730 "
29049,11.0%," 2,260 "
29051,9.7%," 7,420 "
29053,12.1%," 2,120 "
29055,16.0%," 3,830 "
29057,13.9%," 1,050 "
29059,15.9%," 2,670 "
29061,11.0%, 910 
29063,10.3%," 1,230 "
29065,15.4%," 2,390 "
29067,15.1%," 2,010 "
29069,18.0%," 5,340 "
29071,11.2%," 11,570 "
29073,11.7%," 1,710 "
29075,12.4%, 810 
29077,13.5%," 39,290 "
29079,13.9%," 1,370 "
29081,15.9%," 1,340 "
29083,15.4%," 3,370 "
29085,13.7%," 1,300 "
29087,11.1%, 490 
29089,10.0%," 1,000 "
29091,18.3%," 7,360 "
29093,18.3%," 1,860 "
29095,12.3%," 86,300 "
29097,14.4%," 17,370 "
29099,10.7%," 23,960 "
29101,11.5%," 6,230 "
29103,12.7%, 500 
29105,15.3%," 5,440 "
29107,11.8%," 3,840 "
29109,14.5%," 5,550 "
29111,13.7%," 1,360 "
29113,11.5%," 6,630 "
29115,13.2%," 1,580 "
29117,11.6%," 1,730 "
29119,13.6%," 3,110 "
29121,12.5%," 1,890 "
29123,15.3%," 1,870 "
29125,14.2%," 1,250 "
29127,13.9%," 3,960 "
29129,11.1%, 400 
29131,13.6%," 3,440 "
29133,17.6%," 2,340 "
29135,10.4%," 1,650 "
29137,13.3%," 1,150 "
29139,13.3%," 1,520 "
29141,15.5%," 3,160 "
29143,16.3%," 2,810 "
29145,12.5%," 7,260 "
29147,12.1%," 2,680 "
29149,19.7%," 2,080 "
29151,8.1%," 1,100 "
29153,18.8%," 1,720 "
29155,21.5%," 3,510 "
29157,10.9%," 2,100 "
29159,14.0%," 5,920 "
29161,14.6%," 6,510 "
29163,13.3%," 2,410 "
29165,8.9%," 9,150 "
29167,13.4%," 4,280 "
29169,13.8%," 7,220 "
29171,11.6%, 550 
29173,11.3%," 1,150 "
29175,13.8%," 3,420 "
29177,11.6%," 2,660 "
29179,16.2%," 1,020 "
29181,19.4%," 2,610 "
29183,7.5%," 29,690 "
29185,15.2%," 1,430 "
29186,10.6%," 1,900 "
29187,15.6%," 10,420 "
29189,9.8%," 97,320 "
29195,12.8%," 2,930 "
29197,14.2%, 650 
29199,10.4%, 510 
29201,14.8%," 5,710 "
29203,19.9%," 1,630 "
29205,12.7%, 760 
29207,16.2%," 4,740 "
29209,14.4%," 4,590 "
29211,11.2%, 690 
29213,17.8%," 9,910 "
29215,17.2%," 4,400 "
29217,13.2%," 2,710 "
29219,11.8%," 4,150 "
29221,17.6%," 4,380 "
29223,20.2%," 2,630 "
29225,12.8%," 5,030 "
29227,12.8%, 260 
29229,16.9%," 3,090 "
29510,15.8%," 48,260 "
30001,9.7%, 920 
30003,14.8%," 1,960 "
30005,17.1%," 1,140 "
30007,7.9%, 480 
30009,9.0%, 960 
30011,8.9%, 120 
30013,10.0%," 8,130 "
30015,9.0%, 520 
30017,9.9%," 1,150 "
30019,6.3%, 110 
30021,9.7%, 860 
30023,14.9%," 1,360 "
30025,8.5%, 250 
30027,10.5%," 1,170 "
30029,9.0%," 9,170 "
30031,6.8%," 7,590 "
30033,5.4%, 60 
30035,17.2%," 2,360 "
30037,10.3%, 80 
30039,10.3%, 340 
30041,10.7%," 1,750 "
30043,6.3%, 760 
30045,10.5%, 210 
30047,11.6%," 3,540 "
30049,7.6%," 5,200 "
30051,12.9%, 320 
30053,14.5%," 2,870 "
30055,4.5%, 80 
30057,7.2%, 610 
30059,9.1%, 160 
30061,14.3%, 620 
30063,9.5%," 11,330 "
30065,9.7%, 450 
30067,9.2%," 1,520 "
30069,7.3%, 30 
30071,8.7%, 350 
30073,11.4%, 670 
30075,8.4%, 140 
30077,10.9%, 750 
30079,10.7%, 120 
30081,10.0%," 4,340 "
30083,8.0%, 880 
30085,15.4%," 1,710 "
30087,11.7%," 1,060 "
30089,12.9%," 1,520 "
30091,8.3%, 280 
30093,11.6%," 4,050 "
30095,6.0%, 580 
30097,5.9%, 220 
30099,9.3%, 570 
30101,9.7%, 460 
30103,10.1%, 60 
30105,9.6%, 710 
30107,12.6%, 270 
30109,7.7%, 80 
30111,7.7%," 12,290 "
31001,11.2%," 3,520 "
31003,10.3%, 650 
31005,13.3%, 60 
31007,7.9%, 50 
31009,9.9%, 50 
31011,8.5%, 440 
31013,11.4%," 1,230 "
31015,10.4%, 200 
31017,9.6%, 280 
31019,10.3%," 5,110 "
31021,11.7%, 760 
31023,9.4%, 760 
31025,8.7%," 2,260 "
31027,8.0%, 680 
31029,8.5%, 310 
31031,10.7%, 620 
31033,12.1%," 1,140 "
31035,9.4%, 580 
31037,8.0%, 850 
31039,7.9%, 700 
31041,11.5%," 1,240 "
31043,10.3%," 2,070 "
31045,9.8%, 850 
31047,9.8%," 2,310 "
31049,10.3%, 180 
31051,9.4%, 530 
31053,10.9%," 3,990 "
31055,10.5%," 59,440 "
31057,10.0%, 190 
31059,9.0%, 500 
31061,13.0%, 390 
31063,11.3%, 300 
31065,10.3%, 480 
31067,12.7%," 2,730 "
31069,10.6%, 200 
31071,8.9%, 190 
31073,7.7%, 150 
31075,12.6%, 90 
31077,11.1%, 260 
31079,11.2%," 6,850 "
31081,7.5%, 690 
31083,10.3%, 350 
31085,12.2%, 110 
31087,12.3%, 340 
31089,8.9%, 900 
31091,11.8%, 90 
31093,9.6%, 620 
31095,11.9%, 850 
31097,10.0%, 510 
31099,9.8%, 650 
31101,12.3%, 990 
31103,8.5%, 70 
31105,11.9%, 430 
31107,10.3%, 860 
31109,10.6%," 33,580 "
31111,10.7%," 3,750 "
31113,9.7%, 90 
31115,10.4%, 70 
31117,10.6%, 40 
31119,11.1%," 3,870 "
31121,11.7%, 920 
31123,10.1%, 470 
31125,10.6%, 370 
31127,12.1%, 850 
31129,9.5%, 400 
31131,11.0%," 1,760 "
31133,13.3%, 350 
31135,8.3%, 240 
31137,10.8%, 970 
31139,9.5%, 680 
31141,8.5%," 2,830 "
31143,9.0%, 470 
31145,10.4%," 1,120 "
31147,11.3%, 900 
31149,8.5%, 120 
31151,9.3%," 1,320 "
31153,8.0%," 14,750 "
31155,8.8%," 1,880 "
31157,11.7%," 4,180 "
31159,9.0%," 1,550 "
31161,14.5%, 750 
31163,11.1%, 330 
31165,9.4%, 120 
31167,8.3%, 500 
31169,10.2%, 510 
31171,11.6%, 70 
31173,15.7%," 1,130 "
31175,9.5%, 390 
31177,9.1%," 1,860 "
31179,9.1%, 850 
31181,9.4%, 330 
31183,11.3%, 80 
31185,9.5%," 1,290 "
32001,11.5%," 2,840 "
32003,14.9%," 333,140 "
32005,10.6%," 5,150 "
32007,9.6%," 5,050 "
32009,13.8%, 140 
32011,12.5%, 230 
32013,10.4%," 1,750 "
32015,9.1%, 510 
32017,9.6%, 500 
32019,11.9%," 6,620 "
32021,13.9%, 620 
32023,16.3%," 7,400 "
32027,9.1%, 600 
32029,10.9%, 440 
32031,11.2%," 51,800 "
32033,10.1%, 960 
32510,12.3%," 6,780 "
33001,9.4%," 5,760 "
33003,9.8%," 4,770 "
33005,9.2%," 7,010 "
33007,12.2%," 3,850 "
33009,9.5%," 8,570 "
33011,8.5%," 35,310 "
33013,7.9%," 11,970 "
33015,6.8%," 21,090 "
33017,8.8%," 11,430 "
33019,9.5%," 4,080 "
34001,15.1%," 39,960 "
34003,7.9%," 73,880 "
34005,7.1%," 31,810 "
34007,10.9%," 54,990 "
34009,12.5%," 11,560 "
34011,12.1%," 18,190 "
34013,12.3%," 98,170 "
34015,8.2%," 23,800 "
34017,12.2%," 82,200 "
34019,5.5%," 6,880 "
34021,8.3%," 30,490 "
34023,8.4%," 68,900 "
34025,7.8%," 48,120 "
34027,6.4%," 31,610 "
34029,9.8%," 58,910 "
34031,12.0%," 60,520 "
34033,11.7%," 7,370 "
34035,5.7%," 18,880 "
34037,7.6%," 10,680 "
34039,8.3%," 46,060 "
34041,8.9%," 9,400 "
35001,12.7%," 86,030 "
35003,19.2%, 680 
35005,13.7%," 8,890 "
35006,18.2%," 4,870 "
35007,16.0%," 1,940 "
35009,13.6%," 6,730 "
35011,10.4%, 210 
35013,14.7%," 31,960 "
35015,12.0%," 6,940 "
35017,17.5%," 4,780 "
35019,12.0%, 520 
35021,12.4%, 50 
35023,13.9%, 590 
35025,12.8%," 9,020 "
35027,13.6%," 2,660 "
35028,6.0%," 1,130 "
35029,20.2%," 4,860 "
35031,22.6%," 16,240 "
35033,15.7%, 710 
35035,15.5%," 10,340 "
35037,15.4%," 1,270 "
35039,13.7%," 5,320 "
35041,15.8%," 2,950 "
35043,11.0%," 15,950 "
35045,17.0%," 21,410 "
35047,16.5%," 4,550 "
35049,11.3%," 16,940 "
35051,18.8%," 2,060 "
35053,18.7%," 3,130 "
35055,14.8%," 4,850 "
35057,16.3%," 2,530 "
35059,15.3%, 630 
35061,12.6%," 9,660 "
36001,10.3%," 31,690 "
36003,12.9%," 5,970 "
36005,19.7%," 281,040 "
36007,13.8%," 26,490 "
36009,14.0%," 10,710 "
36011,11.4%," 8,770 "
36013,14.0%," 17,860 "
36015,13.0%," 10,960 "
36017,11.9%," 5,630 "
36019,11.9%," 9,600 "
36021,9.6%," 5,740 "
36023,11.5%," 5,460 "
36025,12.6%," 5,640 "
36027,8.7%," 25,540 "
36029,12.0%," 110,390 "
36031,10.6%," 3,960 "
36033,13.4%," 6,760 "
36035,13.2%," 7,040 "
36037,10.7%," 6,130 "
36039,10.6%," 5,000 "
36041,10.8%, 480 
36043,12.2%," 7,530 "
36045,13.2%," 14,690 "
36047,15.5%," 399,210 "
36049,11.0%," 2,920 "
36051,9.4%," 5,960 "
36053,9.3%," 6,630 "
36055,11.6%," 86,040 "
36057,13.7%," 6,770 "
36059,5.7%," 77,750 "
36061,13.6%," 220,780 "
36063,12.3%," 25,870 "
36065,11.8%," 26,940 "
36067,11.5%," 53,290 "
36069,9.6%," 10,490 "
36071,9.4%," 35,990 "
36073,11.9%," 4,840 "
36075,13.3%," 15,640 "
36077,11.0%," 6,570 "
36079,6.3%," 6,240 "
36081,12.1%," 274,120 "
36083,10.2%," 16,260 "
36085,10.1%," 48,010 "
36087,9.7%," 31,590 "
36089,13.5%," 14,660 "
36091,7.8%," 17,890 "
36093,10.7%," 16,560 "
36095,10.8%," 3,350 "
36097,13.1%," 2,330 "
36099,11.7%," 4,030 "
36101,11.9%," 11,370 "
36103,6.6%," 97,600 "
36105,11.5%," 8,690 "
36107,10.3%," 4,980 "
36109,10.7%," 10,940 "
36111,11.3%," 20,210 "
36113,10.6%," 6,810 "
36115,10.7%," 6,580 "
36117,10.2%," 9,230 "
36119,7.9%," 76,520 "
36121,9.3%," 3,740 "
36123,10.3%," 2,580 "
37001,13.1%," 21,830 "
37003,13.5%," 5,040 "
37005,17.5%," 1,940 "
37007,14.5%," 3,540 "
37009,14.0%," 3,780 "
37011,14.0%," 2,460 "
37013,14.0%," 6,620 "
37015,16.5%," 3,160 "
37017,16.3%," 5,420 "
37019,13.1%," 18,000 "
37021,13.7%," 35,600 "
37023,16.3%," 14,650 "
37025,10.3%," 21,730 "
37027,14.9%," 12,260 "
37029,10.2%," 1,090 "
37031,12.6%," 8,700 "
37033,14.1%," 3,190 "
37035,13.2%," 20,910 "
37037,10.7%," 7,820 "
37039,16.4%," 4,660 "
37041,14.7%," 2,060 "
37043,15.8%," 1,760 "
37045,15.7%," 15,350 "
37047,16.6%," 9,260 "
37049,13.5%," 13,770 "
37051,16.2%," 54,170 "
37053,10.3%," 2,810 "
37055,12.3%," 4,500 "
37057,14.1%," 23,520 "
37059,13.0%," 5,520 "
37061,13.6%," 8,040 "
37063,11.3%," 35,870 "
37065,16.5%," 8,570 "
37067,13.0%," 49,350 "
37069,11.8%," 8,020 "
37071,14.0%," 31,070 "
37073,12.7%," 1,460 "
37075,16.7%," 1,420 "
37077,11.3%," 6,750 "
37079,14.9%," 3,130 "
37081,13.3%," 70,990 "
37083,17.9%," 9,060 "
37085,13.7%," 18,430 "
37087,14.3%," 8,820 "
37089,12.3%," 14,310 "
37091,14.9%," 3,530 "
37093,15.1%," 8,250 "
37095,17.0%, 860 
37097,11.6%," 20,690 "
37099,15.3%," 6,650 "
37101,11.5%," 23,460 "
37103,17.2%," 1,630 "
37105,14.6%," 8,940 "
37107,17.0%," 9,560 "
37109,12.8%," 10,810 "
37111,15.4%," 7,010 "
37113,15.3%," 5,380 "
37115,14.5%," 3,130 "
37117,15.5%," 3,500 "
37119,10.9%," 119,030 "
37121,14.6%," 2,190 "
37123,13.8%," 3,750 "
37125,12.0%," 11,900 "
37127,13.8%," 13,040 "
37129,13.7%," 31,620 "
37131,14.4%," 2,830 "
37133,14.1%," 27,880 "
37135,10.2%," 14,970 "
37137,13.9%," 1,760 "
37139,12.2%," 4,860 "
37141,12.8%," 7,920 "
37143,12.4%," 1,680 "
37145,14.2%," 5,600 "
37147,14.4%," 25,960 "
37149,12.9%," 2,670 "
37151,14.3%," 20,500 "
37153,17.3%," 7,750 "
37155,18.8%," 24,700 "
37157,15.5%," 14,110 "
37159,14.5%," 20,420 "
37161,17.2%," 11,450 "
37163,14.0%," 8,880 "
37165,20.4%," 7,140 "
37167,12.8%," 7,930 "
37169,13.9%," 6,370 "
37171,15.6%," 11,190 "
37173,16.1%," 2,290 "
37175,13.6%," 4,620 "
37177,16.2%, 640 
37179,8.5%," 20,030 "
37181,16.6%," 7,410 "
37183,9.5%," 104,210 "
37185,16.1%," 3,170 "
37187,19.1%," 2,250 "
37189,14.3%," 7,950 "
37191,14.2%," 17,580 "
37193,15.1%," 10,350 "
37195,15.5%," 12,630 "
37197,13.9%," 5,220 "
37199,15.0%," 2,680 "
38001,6.4%, 150 
38003,4.7%, 500 
38005,15.1%," 1,040 "
38007,5.4%, 50 
38009,5.7%, 370 
38011,2.6%, 80 
38013,3.5%, 70 
38015,4.2%," 4,010 "
38017,5.4%," 9,750 "
38019,5.2%, 200 
38021,2.7%, 130 
38023,4.0%, 90 
38025,4.2%, 180 
38027,7.3%, 160 
38029,5.4%, 180 
38031,4.5%, 140 
38033,3.8%, 70 
38035,6.6%," 4,670 "
38037,4.4%, 100 
38039,2.8%, 60 
38041,4.8%, 120 
38043,5.3%, 130 
38045,5.0%, 210 
38047,3.1%, 50 
38049,5.0%, 290 
38051,5.2%, 130 
38053,7.0%, 960 
38055,3.7%, 360 
38057,4.3%, 360 
38059,4.0%," 1,240 "
38061,6.7%, 690 
38063,6.8%, 200 
38065,4.8%, 90 
38067,5.0%, 340 
38069,5.2%, 210 
38071,9.6%," 1,100 "
38073,5.7%, 300 
38075,3.2%, 80 
38077,5.3%, 870 
38079,16.0%," 2,310 "
38081,3.4%, 130 
38083,4.6%, 60 
38085,14.8%, 640 
38087,3.6%, 30 
38089,6.4%," 1,990 "
38091,3.5%, 60 
38093,7.1%," 1,470 "
38095,4.9%, 110 
38097,2.8%, 230 
38099,5.1%, 540 
38101,5.6%," 3,880 "
38103,5.3%, 200 
38105,6.8%," 2,440 "
39001,18.0%," 4,980 "
39003,13.4%," 13,750 "
39005,12.0%," 6,450 "
39007,15.6%," 15,230 "
39009,16.9%," 11,120 "
39011,10.1%," 4,630 "
39013,13.8%," 9,330 "
39015,15.2%," 6,610 "
39017,11.0%," 42,010 "
39019,13.7%," 3,710 "
39021,12.3%," 4,760 "
39023,14.3%," 19,190 "
39025,11.2%," 22,950 "
39027,14.5%," 6,090 "
39029,14.6%," 15,010 "
39031,15.5%," 5,680 "
39033,14.9%," 6,190 "
39035,15.0%," 185,960 "
39037,12.0%," 6,190 "
39039,10.8%," 4,090 "
39041,6.8%," 13,890 "
39043,13.6%," 10,140 "
39045,10.3%," 16,070 "
39047,15.5%," 4,440 "
39049,12.6%," 164,190 "
39051,10.7%," 4,500 "
39053,15.8%," 4,730 "
39055,8.3%," 7,800 "
39057,11.1%," 18,660 "
39059,16.0%," 6,240 "
39061,12.5%," 101,790 "
39063,11.2%," 8,520 "
39065,13.8%," 4,340 "
39067,15.3%," 2,310 "
39069,10.6%," 2,870 "
39071,16.5%," 7,110 "
39073,13.9%," 3,920 "
39075,8.7%," 3,820 "
39077,13.4%," 7,810 "
39079,15.9%," 5,170 "
39081,16.2%," 10,680 "
39083,11.9%," 7,340 "
39085,11.2%," 25,840 "
39087,17.5%," 10,470 "
39089,11.4%," 19,950 "
39091,11.8%," 5,350 "
39093,13.1%," 40,550 "
39095,15.9%," 68,350 "
39097,10.8%," 4,770 "
39099,15.3%," 34,870 "
39101,13.9%," 9,080 "
39103,9.4%," 16,830 "
39105,18.0%," 4,130 "
39107,8.3%," 3,390 "
39109,10.8%," 11,500 "
39111,16.2%," 2,240 "
39113,14.2%," 75,810 "
39115,16.3%," 2,370 "
39117,11.0%," 3,870 "
39119,14.3%," 12,310 "
39121,15.3%," 2,210 "
39123,11.9%," 4,810 "
39125,12.0%," 2,250 "
39127,15.5%," 5,580 "
39129,13.0%," 7,550 "
39131,18.1%," 5,050 "
39133,11.7%," 18,970 "
39135,11.3%," 4,620 "
39137,8.4%," 2,840 "
39139,14.3%," 17,290 "
39141,15.5%," 11,880 "
39143,12.7%," 7,450 "
39145,19.0%," 14,360 "
39147,12.9%," 7,110 "
39149,12.0%," 5,850 "
39151,13.1%," 48,510 "
39153,12.5%," 67,760 "
39155,15.9%," 31,610 "
39157,13.0%," 12,010 "
39159,7.8%," 4,540 "
39161,11.1%," 3,120 "
39163,17.4%," 2,260 "
39165,8.2%," 18,960 "
39167,14.5%," 8,710 "
39169,11.0%," 12,770 "
39171,12.4%," 4,560 "
39173,11.5%," 14,990 "
39175,10.9%," 2,390 "
40001,19.0%," 4,200 "
40003,10.9%, 630 
40005,16.7%," 2,300 "
40007,8.1%, 430 
40009,15.3%," 3,330 "
40011,12.4%," 1,180 "
40013,15.4%," 7,260 "
40015,15.1%," 4,400 "
40017,9.9%," 14,310 "
40019,15.5%," 7,500 "
40021,16.7%," 8,140 "
40023,19.6%," 2,890 "
40025,12.8%, 280 
40027,11.3%," 32,010 "
40029,18.7%," 1,040 "
40031,14.9%," 18,040 "
40033,16.6%, 960 
40035,15.9%," 2,270 "
40037,13.1%," 9,390 "
40039,12.1%," 3,490 "
40041,15.6%," 6,680 "
40043,12.1%, 590 
40045,13.6%, 540 
40047,13.1%," 8,070 "
40049,14.0%," 3,880 "
40051,12.2%," 6,770 "
40053,11.0%, 480 
40055,15.6%, 900 
40057,12.0%, 320 
40059,13.5%, 500 
40061,17.9%," 2,270 "
40063,17.1%," 2,270 "
40065,12.5%," 3,090 "
40067,17.2%," 1,050 "
40069,17.4%," 1,920 "
40071,15.3%," 6,740 "
40073,9.5%," 1,500 "
40075,16.7%," 1,470 "
40077,17.8%," 1,820 "
40079,17.1%," 8,530 "
40081,13.7%," 4,800 "
40083,11.0%," 5,200 "
40085,13.1%," 1,330 "
40087,9.9%," 3,940 "
40089,17.9%," 5,880 "
40091,18.9%," 3,730 "
40093,12.1%, 930 
40095,14.8%," 2,470 "
40097,15.4%," 6,330 "
40099,15.4%," 2,150 "
40101,16.1%," 11,040 "
40103,11.3%," 1,280 "
40105,14.4%," 1,480 "
40107,18.3%," 2,190 "
40109,13.1%," 103,470 "
40111,16.0%," 6,160 "
40113,13.4%," 6,290 "
40115,16.5%," 5,150 "
40117,14.0%," 2,300 "
40119,14.9%," 12,240 "
40121,16.7%," 7,350 "
40123,13.1%," 5,040 "
40125,14.3%," 10,370 "
40127,18.0%," 1,990 "
40129,13.0%, 470 
40131,11.3%," 10,370 "
40133,18.7%," 4,610 "
40135,16.9%," 7,040 "
40137,15.2%," 6,620 "
40139,11.4%," 2,340 "
40141,15.8%," 1,160 "
40143,13.1%," 85,400 "
40145,11.7%," 9,370 "
40147,13.1%," 6,800 "
40149,13.2%," 1,460 "
40151,11.7%," 1,040 "
40153,12.9%," 2,630 "
41001,13.2%," 2,120 "
41003,10.1%," 9,300 "
41005,8.3%," 34,480 "
41007,12.5%," 4,960 "
41009,10.3%," 5,380 "
41011,14.6%," 9,350 "
41013,11.5%," 2,740 "
41015,13.0%," 2,990 "
41017,9.8%," 18,880 "
41019,12.5%," 13,750 "
41021,11.4%, 220 
41023,14.3%," 1,030 "
41025,10.0%, 730 
41027,5.9%," 1,370 "
41029,11.5%," 25,240 "
41031,12.1%," 2,920 "
41033,13.5%," 11,760 "
41035,14.7%," 9,940 "
41037,13.1%," 1,040 "
41039,13.2%," 49,840 "
41041,15.4%," 7,580 "
41043,11.7%," 14,910 "
41045,12.4%," 3,790 "
41047,10.6%," 36,390 "
41049,9.3%," 1,070 "
41051,11.5%," 93,380 "
41053,9.6%," 8,160 "
41055,11.2%, 190 
41057,11.8%," 3,170 "
41059,11.0%," 8,490 "
41061,11.7%," 3,100 "
41063,10.9%, 770 
41065,10.8%," 2,840 "
41067,8.0%," 47,560 "
41069,11.6%, 160 
41071,9.8%," 10,380 "
42001,8.2%," 8,410 "
42003,10.8%," 131,440 "
42005,12.1%," 7,920 "
42007,11.3%," 18,690 "
42009,11.3%," 5,460 "
42011,10.2%," 42,640 "
42013,12.6%," 15,390 "
42015,11.1%," 6,770 "
42017,7.3%," 45,970 "
42019,8.7%," 16,350 "
42021,13.2%," 17,350 "
42023,17.1%, 770 
42025,12.0%," 7,670 "
42027,8.4%," 13,660 "
42029,6.0%," 31,270 "
42031,12.4%," 4,780 "
42033,12.9%," 10,260 "
42035,13.0%," 5,000 "
42037,11.3%," 7,400 "
42039,12.4%," 10,510 "
42041,8.0%," 20,020 "
42043,10.1%," 28,100 "
42045,9.1%," 51,730 "
42047,12.4%," 3,740 "
42049,12.9%," 35,210 "
42051,15.3%," 19,880 "
42053,14.8%," 1,070 "
42055,9.7%," 15,010 "
42057,12.5%," 1,810 "
42059,12.7%," 4,650 "
42061,11.6%," 5,230 "
42063,12.6%," 10,650 "
42065,12.3%," 5,360 "
42067,9.5%," 2,350 "
42069,12.7%," 26,690 "
42071,8.7%," 47,150 "
42073,12.7%," 10,980 "
42075,9.8%," 13,750 "
42077,10.6%," 38,970 "
42079,12.9%," 41,060 "
42081,12.1%," 13,830 "
42083,14.2%," 5,840 "
42085,13.3%," 14,740 "
42087,12.1%," 5,580 "
42089,10.4%," 17,580 "
42091,7.0%," 58,060 "
42093,9.6%," 1,740 "
42095,8.9%," 27,060 "
42097,12.4%," 11,340 "
42099,8.6%," 3,950 "
42101,15.8%," 249,890 "
42103,10.3%," 5,710 "
42105,12.1%," 2,020 "
42107,12.3%," 17,520 "
42109,9.9%," 4,020 "
42111,11.3%," 8,330 "
42113,10.9%, 660 
42115,10.7%," 4,360 "
42117,12.3%," 5,010 "
42119,9.4%," 4,230 "
42121,13.0%," 6,660 "
42123,11.3%," 4,470 "
42125,10.4%," 21,630 "
42127,11.3%," 5,800 "
42129,10.5%," 36,790 "
42131,10.3%," 2,800 "
42133,8.9%," 39,970 "
44001,7.5%," 3,660 "
44003,9.4%," 15,410 "
44005,8.4%," 6,940 "
44007,11.6%," 73,580 "
44009,7.3%," 9,170 "
45001,11.3%," 2,790 "
45003,9.1%," 15,390 "
45005,15.9%," 1,390 "
45007,10.3%," 20,630 "
45009,12.2%," 1,740 "
45011,15.8%," 3,340 "
45013,7.4%," 13,950 "
45015,8.5%," 18,830 "
45017,11.4%," 1,660 "
45019,9.0%," 36,810 "
45021,12.8%," 7,290 "
45023,12.5%," 4,030 "
45025,12.7%," 5,830 "
45027,12.8%," 4,340 "
45029,11.2%," 4,200 "
45031,13.1%," 8,760 "
45033,15.3%," 4,660 "
45035,8.6%," 13,880 "
45037,9.3%," 2,510 "
45039,10.9%," 2,440 "
45041,10.1%," 13,900 "
45043,10.8%," 6,730 "
45045,8.7%," 44,670 "
45047,11.7%," 8,240 "
45049,9.6%," 1,850 "
45051,12.0%," 41,450 "
45053,9.9%," 2,910 "
45055,9.9%," 6,530 "
45057,9.1%," 8,720 "
45059,13.0%," 8,730 "
45061,13.3%," 2,280 "
45063,8.1%," 24,020 "
45065,10.3%, 980 
45067,12.6%," 3,900 "
45069,17.5%," 4,620 "
45071,9.8%," 3,770 "
45073,11.5%," 8,970 "
45075,12.9%," 11,210 "
45077,10.2%," 12,770 "
45079,9.4%," 39,040 "
45081,9.7%," 1,960 "
45083,10.5%," 32,870 "
45085,11.1%," 11,890 "
45087,14.4%," 3,930 "
45089,13.4%," 4,130 "
45091,7.5%," 20,450 "
46003,5.2%, 140 
46005,9.1%," 1,670 "
46007,15.5%, 530 
46009,9.5%, 660 
46011,8.0%," 2,820 "
46013,7.6%," 2,980 "
46015,11.1%, 580 
46017,21.3%, 430 
46019,8.4%, 860 
46021,5.3%, 80 
46023,12.9%," 1,210 "
46025,6.2%, 230 
46027,10.6%," 1,500 "
46029,9.9%," 2,770 "
46031,20.1%, 830 
46033,9.8%, 860 
46035,10.0%," 2,000 "
46037,10.2%, 560 
46039,6.6%, 280 
46041,18.6%," 1,090 "
46043,7.0%, 200 
46045,5.2%, 200 
46047,12.7%, 850 
46049,12.8%, 300 
46051,6.7%, 480 
46053,8.9%, 370 
46055,9.9%, 190 
46057,5.2%, 320 
46059,8.0%, 240 
46061,8.3%, 280 
46063,6.5%, 80 
46065,8.4%," 1,470 "
46067,7.7%, 560 
46069,5.0%, 70 
46071,20.1%, 660 
46073,7.2%, 150 
46075,8.4%, 70 
46077,7.2%, 350 
46079,7.8%," 1,000 "
46081,10.6%," 2,730 "
46083,4.6%," 2,700 "
46085,14.0%, 540 
46087,7.0%, 390 
46089,9.0%, 210 
46091,6.2%, 300 
46093,6.9%," 1,940 "
46095,22.5%, 460 
46097,9.5%, 210 
46099,7.6%," 14,640 "
46101,9.3%, 600 
46102,25.8%," 3,690 "
46103,10.2%," 11,460 "
46105,7.7%, 230 
46107,6.5%, 150 
46109,12.4%," 1,280 "
46111,8.6%, 200 
46115,6.9%, 440 
46117,5.0%, 150 
46119,6.6%, 80 
46121,26.4%," 2,720 "
46123,9.6%, 520 
46125,7.3%, 610 
46127,7.8%," 1,220 "
46129,10.6%, 570 
46135,8.6%," 1,950 "
46137,20.8%, 570 
47001,14.8%," 11,350 "
47003,12.8%," 6,290 "
47005,17.4%," 2,800 "
47007,18.2%," 2,720 "
47009,10.8%," 14,180 "
47011,13.9%," 14,870 "
47013,18.4%," 7,350 "
47015,14.1%," 2,030 "
47017,14.9%," 4,150 "
47019,16.5%," 9,300 "
47021,11.1%," 4,500 "
47023,11.0%," 1,890 "
47025,18.2%," 5,810 "
47027,18.6%," 1,420 "
47029,18.8%," 6,730 "
47031,14.6%," 8,200 "
47033,12.8%," 1,830 "
47035,13.8%," 8,310 "
47037,12.4%," 85,410 "
47039,15.2%," 1,780 "
47041,17.0%," 3,430 "
47043,12.0%," 6,380 "
47045,15.8%," 5,880 "
47047,10.7%," 4,350 "
47049,16.2%," 2,990 "
47051,15.2%," 6,360 "
47053,13.9%," 6,850 "
47055,13.6%," 4,010 "
47057,15.7%," 3,650 "
47059,16.3%," 11,240 "
47061,17.9%," 2,390 "
47063,14.6%," 9,440 "
47065,12.0%," 43,600 "
47067,21.7%," 1,420 "
47069,14.5%," 3,670 "
47071,14.6%," 3,750 "
47073,16.0%," 9,100 "
47075,14.6%," 2,530 "
47077,15.7%," 4,390 "
47079,16.3%," 5,240 "
47081,12.6%," 3,150 "
47083,14.5%," 1,190 "
47085,13.9%," 2,580 "
47087,15.8%," 1,860 "
47089,13.9%," 7,520 "
47091,17.0%," 3,020 "
47093,11.4%," 53,220 "
47095,21.2%," 1,540 "
47097,17.0%," 4,370 "
47099,15.2%," 6,650 "
47101,16.3%," 1,980 "
47103,13.2%," 4,500 "
47105,11.1%," 5,880 "
47107,15.0%," 8,030 "
47109,15.8%," 4,070 "
47111,14.6%," 3,540 "
47113,13.9%," 13,620 "
47115,15.6%," 4,460 "
47117,14.7%," 4,960 "
47119,10.7%," 10,080 "
47121,14.7%," 1,800 "
47123,15.8%," 7,330 "
47125,12.1%," 24,830 "
47127,10.1%, 650 
47129,17.0%," 3,660 "
47131,16.2%," 4,910 "
47133,15.3%," 3,390 "
47135,18.8%," 1,500 "
47137,15.8%, 800 
47139,13.3%," 2,230 "
47141,13.8%," 10,870 "
47143,16.6%," 5,480 "
47145,13.4%," 7,170 "
47147,10.5%," 7,460 "
47149,10.1%," 32,690 "
47151,19.6%," 4,330 "
47153,17.2%," 2,560 "
47155,15.0%," 14,660 "
47157,13.7%," 128,190 "
47159,13.1%," 2,610 "
47161,13.3%," 1,810 "
47163,14.8%," 23,290 "
47165,10.7%," 20,020 "
47167,11.7%," 7,180 "
47169,10.9%," 1,190 "
47171,16.1%," 2,880 "
47173,15.5%," 3,060 "
47175,16.7%, 970 
47177,17.0%," 6,960 "
47179,13.8%," 17,800 "
47181,14.3%," 2,380 "
47183,14.9%," 4,990 "
47185,13.7%," 3,710 "
47187,6.1%," 14,280 "
47189,9.7%," 13,650 "
48001,13.9%," 8,060 "
48003,12.0%," 2,200 "
48005,17.4%," 15,170 "
48007,18.6%," 4,500 "
48009,13.7%," 1,200 "
48011,10.5%, 210 
48013,11.6%," 5,830 "
48015,13.5%," 4,030 "
48017,10.2%, 710 
48019,14.9%," 3,400 "
48021,12.0%," 10,440 "
48023,15.7%, 560 
48025,16.9%," 5,500 "
48027,15.1%," 53,820 "
48029,14.6%," 288,320 "
48031,12.9%," 1,510 "
48033,11.7%, 80 
48035,15.5%," 2,850 "
48037,16.0%," 14,990 "
48039,11.6%," 42,840 "
48041,15.0%," 34,030 "
48043,15.8%," 1,460 "
48045,15.4%, 210 
48047,23.9%," 1,700 "
48049,15.0%," 5,680 "
48051,13.4%," 2,440 "
48053,12.1%," 5,760 "
48055,13.9%," 5,930 "
48057,12.0%," 2,580 "
48059,13.9%," 1,940 "
48061,17.9%," 75,390 "
48063,16.7%," 2,160 "
48065,11.0%, 660 
48067,17.4%," 5,230 "
48069,10.9%, 820 
48071,14.5%," 6,170 "
48073,14.6%," 7,630 "
48075,13.7%, 990 
48077,15.1%," 1,580 "
48079,19.0%, 540 
48081,15.5%, 510 
48083,16.6%," 1,370 "
48085,10.9%," 109,310 "
48087,15.4%, 450 
48089,11.2%," 2,390 "
48091,12.1%," 17,960 "
48093,14.5%," 1,970 "
48095,13.8%, 420 
48097,14.8%," 5,980 "
48099,15.2%," 11,480 "
48101,19.5%, 320 
48103,10.4%, 490 
48105,14.5%, 490 
48107,15.8%, 910 
48109,19.8%, 430 
48111,12.0%, 870 
48113,14.2%," 373,560 "
48115,18.1%," 2,330 "
48117,10.8%," 2,000 "
48119,16.5%, 870 
48121,11.2%," 96,610 "
48123,15.6%," 3,150 "
48125,16.2%, 350 
48127,23.1%," 2,370 "
48129,12.5%, 420 
48131,17.9%," 2,000 "
48133,17.9%," 3,280 "
48135,14.3%," 23,160 "
48137,12.3%, 240 
48139,11.1%," 19,920 "
48141,15.1%," 126,370 "
48143,13.8%," 5,840 "
48145,18.3%," 3,160 "
48147,13.9%," 4,880 "
48149,12.4%," 3,130 "
48151,13.7%, 520 
48153,13.0%, 750 
48155,12.7%, 150 
48157,10.2%," 80,400 "
48159,12.0%," 1,290 "
48161,17.0%," 3,360 "
48163,14.5%," 2,910 "
48165,13.4%," 2,820 "
48167,14.1%," 47,740 "
48169,16.9%," 1,020 "
48171,13.0%," 3,470 "
48173,13.3%, 190 
48175,14.1%," 1,070 "
48177,13.1%," 2,740 "
48179,15.7%," 3,470 "
48181,14.6%," 19,450 "
48183,16.8%," 20,810 "
48185,15.0%," 4,270 "
48187,11.1%," 18,060 "
48189,14.0%," 4,680 "
48191,17.0%, 510 
48193,17.1%," 1,440 "
48195,11.1%, 600 
48197,15.2%, 600 
48199,16.1%," 9,210 "
48201,14.9%," 695,310 "
48203,16.0%," 10,630 "
48205,10.9%, 610 
48207,15.3%, 870 
48209,12.0%," 26,660 "
48211,12.9%, 500 
48213,16.7%," 13,710 "
48215,19.1%," 164,720 "
48217,14.9%," 5,370 "
48219,14.7%," 3,390 "
48221,13.0%," 7,780 "
48223,14.1%," 5,170 "
48225,16.9%," 3,880 "
48227,16.1%," 5,840 "
48229,18.1%, 850 
48231,15.2%," 14,620 "
48233,14.9%," 3,140 "
48235,13.1%, 200 
48237,15.9%," 1,420 "
48239,14.8%," 2,190 "
48241,19.6%," 6,970 "
48243,15.7%, 350 
48245,18.2%," 46,070 "
48247,19.7%," 1,020 "
48249,18.2%," 7,420 "
48251,12.9%," 22,190 "
48253,13.8%," 2,740 "
48255,13.2%," 2,060 "
48257,12.4%," 16,130 "
48259,10.3%," 4,700 "
48261,10.9%, 40 
48263,14.1%, 100 
48265,14.7%," 7,690 "
48267,16.8%, 730 
48269,23.2%, 60 
48271,16.2%, 600 
48273,17.9%," 5,490 "
48275,13.3%, 490 
48277,18.1%," 9,020 "
48279,15.2%," 1,980 "
48281,14.3%," 3,020 "
48283,14.1%," 1,060 "
48285,12.4%," 2,480 "
48287,12.0%," 2,050 "
48289,17.4%," 3,010 "
48291,16.7%," 14,420 "
48293,16.5%," 3,860 "
48295,13.0%, 430 
48297,17.0%," 2,070 "
48299,14.7%," 3,150 "
48301,24.3%, 30 
48303,14.9%," 45,900 "
48305,15.4%, 910 
48307,16.6%," 1,320 "
48309,15.4%," 39,140 "
48311,9.3%, 70 
48313,13.6%," 1,950 "
48315,18.1%," 1,800 "
48317,11.7%, 660 
48319,12.2%, 520 
48321,17.4%," 6,400 "
48323,20.1%," 11,660 "
48325,12.2%," 6,180 "
48327,16.8%, 350 
48329,12.1%," 20,680 "
48331,15.5%," 3,850 "
48333,13.4%, 650 
48335,13.3%," 1,100 "
48337,16.4%," 3,210 "
48339,12.5%," 73,560 "
48341,10.3%," 2,180 "
48343,18.9%," 2,340 "
48345,13.3%, 180 
48347,18.6%," 12,130 "
48349,15.4%," 7,600 "
48351,20.8%," 2,860 "
48353,15.6%," 2,320 "
48355,15.2%," 55,000 "
48357,12.8%," 1,270 "
48359,12.2%, 260 
48361,17.0%," 14,220 "
48363,15.9%," 4,580 "
48365,16.0%," 3,720 "
48367,12.1%," 16,790 "
48369,10.6%," 1,020 "
48371,13.7%," 2,150 "
48373,18.2%," 9,150 "
48375,16.1%," 19,010 "
48377,28.7%," 1,950 "
48379,14.9%," 1,790 "
48381,11.9%," 16,120 "
48383,12.0%, 450 
48385,21.3%, 730 
48387,17.1%," 2,070 "
48389,11.9%," 1,850 "
48391,15.8%," 1,110 "
48393,12.8%, 100 
48395,14.3%," 2,440 "
48397,8.8%," 8,920 "
48399,13.8%," 1,420 "
48401,13.5%," 7,310 "
48403,20.8%," 2,180 "
48405,23.0%," 1,900 "
48407,16.5%," 4,710 "
48409,16.2%," 10,840 "
48411,14.3%, 860 
48413,13.6%, 390 
48415,14.1%," 2,390 "
48417,14.2%, 470 
48419,17.8%," 4,500 "
48421,11.7%, 350 
48423,14.3%," 32,930 "
48425,15.1%," 1,350 "
48427,23.6%," 15,100 "
48429,17.0%," 1,590 "
48431,7.6%, 100 
48433,12.5%, 180 
48435,13.6%, 520 
48437,17.6%," 1,300 "
48439,13.1%," 272,440 "
48441,14.9%," 20,460 "
48443,9.1%, 80 
48445,17.2%," 2,140 "
48447,18.4%, 280 
48449,14.3%," 4,680 "
48451,13.5%," 15,990 "
48453,12.6%," 158,120 "
48455,19.2%," 2,830 "
48457,19.7%," 4,240 "
48459,16.8%," 6,970 "
48461,9.9%, 360 
48463,15.8%," 4,250 "
48465,15.1%," 7,420 "
48467,14.8%," 8,290 "
48469,15.3%," 14,120 "
48471,15.1%," 10,900 "
48473,13.0%," 6,950 "
48475,12.6%," 1,480 "
48477,12.7%," 4,460 "
48479,16.2%," 44,480 "
48481,14.4%," 5,990 "
48483,16.1%, 840 
48485,16.8%," 22,270 "
48487,18.4%," 2,340 "
48489,19.0%," 4,080 "
48491,10.7%," 61,070 "
48493,10.8%," 5,400 "
48495,12.1%, 950 
48497,13.6%," 9,260 "
48499,15.6%," 7,040 "
48501,13.4%," 1,160 "
48503,13.9%," 2,500 "
48505,21.4%," 3,040 "
48507,22.8%," 2,720 "
49001,8.1%, 540 
49003,9.9%," 5,440 "
49005,10.4%," 13,160 "
49007,13.9%," 2,840 "
49009,7.7%, 50 
49011,7.8%," 27,460 "
49013,14.1%," 2,810 "
49015,12.1%," 1,230 "
49017,16.6%, 830 
49019,15.1%," 1,470 "
49021,12.6%," 6,680 "
49023,10.8%," 1,250 "
49025,13.9%," 1,060 "
49027,11.1%," 1,440 "
49029,5.5%, 660 
49031,17.3%, 320 
49033,11.6%, 280 
49035,9.7%," 111,390 "
49037,19.1%," 2,930 "
49039,11.0%," 3,340 "
49041,12.2%," 2,620 "
49043,8.2%," 3,420 "
49045,8.5%," 5,930 "
49047,14.2%," 5,060 "
49049,9.1%," 56,270 "
49051,8.7%," 2,880 "
49053,11.1%," 19,190 "
49055,13.1%, 350 
49057,9.5%," 24,270 "
50001,8.3%," 3,070 "
50003,11.3%," 4,040 "
50005,10.8%," 3,260 "
50007,8.9%," 14,470 "
50009,12.2%, 750 
50011,9.1%," 4,500 "
50013,7.1%, 500 
50015,11.2%," 2,830 "
50017,9.0%," 2,600 "
50019,12.0%," 3,210 "
50021,11.0%," 6,430 "
50023,9.3%," 5,440 "
50025,12.1%," 5,140 "
50027,9.4%," 5,170 "
51001,11.8%," 3,840 "
51003,7.6%," 8,310 "
51005,12.8%," 1,920 "
51007,8.6%," 1,120 "
51009,9.2%," 2,930 "
51011,10.5%," 1,660 "
51013,7.1%," 16,670 "
51015,8.2%," 6,220 "
51017,14.4%, 610 
51019,7.9%," 6,230 "
51021,10.6%, 670 
51023,6.7%," 2,250 "
51025,12.1%," 1,980 "
51027,19.6%," 4,180 "
51029,11.7%," 2,000 "
51031,9.5%," 5,240 "
51033,7.4%," 2,270 "
51035,13.7%," 4,110 "
51036,9.1%, 640 
51037,15.1%," 1,800 "
51041,6.4%," 22,370 "
51043,7.0%," 1,010 "
51045,11.1%, 570 
51047,7.3%," 3,800 "
51049,8.7%, 860 
51051,19.0%," 2,770 "
51053,8.9%," 2,550 "
51057,11.0%," 1,210 "
51059,5.7%," 66,080 "
51061,5.8%," 4,070 "
51063,8.9%," 1,400 "
51065,6.2%," 1,670 "
51067,10.5%," 5,890 "
51069,6.6%," 5,780 "
51071,9.8%," 1,650 "
51073,8.5%," 3,190 "
51075,5.4%," 1,270 "
51077,12.5%," 1,960 "
51079,8.4%," 1,650 "
51081,9.3%," 1,060 "
51083,11.7%," 4,000 "
51085,5.7%," 6,020 "
51087,8.2%," 27,040 "
51089,12.9%," 6,610 "
51091,9.6%, 210 
51093,8.2%," 3,040 "
51095,7.7%," 5,850 "
51097,7.5%, 530 
51099,5.6%," 1,480 "
51101,6.5%," 1,100 "
51103,11.1%," 1,180 "
51105,19.1%," 4,530 "
51107,3.9%," 15,790 "
51109,9.1%," 3,340 "
51111,11.1%," 1,360 "
51113,7.9%," 1,040 "
51115,8.6%, 750 
51117,12.1%," 3,710 "
51119,8.9%, 940 
51121,10.6%," 10,460 "
51125,9.7%," 1,440 "
51127,4.5%," 1,000 "
51131,12.6%," 1,490 "
51133,9.0%," 1,090 "
51135,11.5%," 1,760 "
51137,9.2%," 3,360 "
51139,13.1%," 3,120 "
51141,12.1%," 2,130 "
51143,11.7%," 7,100 "
51145,5.2%," 1,510 "
51147,13.4%," 3,060 "
51149,7.4%," 2,820 "
51153,5.2%," 24,310 "
51155,13.4%," 4,590 "
51157,8.1%, 600 
51159,10.5%, 940 
51161,7.6%," 7,130 "
51163,10.9%," 2,470 "
51165,7.8%," 6,360 "
51167,16.1%," 4,330 "
51169,14.0%," 3,050 "
51171,10.9%," 4,750 "
51173,15.7%," 4,800 "
51175,7.5%," 1,330 "
51177,6.7%," 8,980 "
51179,5.0%," 7,560 "
51181,10.5%, 680 
51183,9.6%," 1,070 "
51185,14.7%," 6,050 "
51187,9.7%," 3,860 "
51191,12.5%," 6,760 "
51193,10.7%," 1,920 "
51195,17.3%," 6,570 "
51197,12.7%," 3,640 "
51199,6.6%," 4,530 "
51510,8.4%," 13,320 "
51520,17.5%," 2,980 "
51530,12.4%, 800 
51540,12.4%," 5,880 "
51550,6.9%," 16,720 "
51570,10.3%," 1,780 "
51580,10.9%, 610 
51590,16.3%," 6,630 "
51595,15.6%, 840 
51600,6.5%," 1,520 "
51610,4.6%, 660 
51620,12.8%," 1,030 "
51630,11.8%," 3,420 "
51640,16.4%," 1,050 "
51650,11.3%," 15,320 "
51660,11.6%," 6,220 "
51670,17.1%," 3,840 "
51678,13.2%, 950 
51680,12.3%," 9,970 "
51683,5.4%," 2,230 "
51685,5.6%, 990 
51690,18.4%," 2,330 "
51700,12.4%," 22,210 "
51710,13.2%," 32,260 "
51720,21.0%, 840 
51730,18.3%," 5,640 "
51735,6.3%, 760 
51740,12.3%," 11,690 "
51750,15.6%," 2,790 "
51760,14.0%," 32,000 "
51770,13.2%," 13,120 "
51775,9.3%," 2,360 "
51790,11.7%," 2,880 "
51800,7.2%," 6,550 "
51810,7.7%," 34,690 "
51820,12.8%," 2,860 "
51830,11.0%," 1,660 "
51840,12.6%," 3,510 "
53001,12.2%," 2,390 "
53003,11.3%," 2,550 "
53005,9.8%," 19,680 "
53007,11.0%," 8,410 "
53009,13.8%," 10,580 "
53011,9.9%," 47,630 "
53013,10.1%, 410 
53015,13.5%," 14,600 "
53017,10.9%," 4,640 "
53019,17.3%," 1,320 "
53021,9.7%," 9,120 "
53023,11.7%, 260 
53025,10.9%," 10,530 "
53027,14.8%," 10,950 "
53029,9.8%," 8,290 "
53031,13.0%," 4,130 "
53033,8.9%," 197,210 "
53035,9.7%," 26,220 "
53037,11.7%," 5,520 "
53039,12.3%," 2,720 "
53041,13.0%," 10,330 "
53043,11.2%," 1,200 "
53045,12.6%," 8,250 "
53047,15.2%," 6,390 "
53049,14.2%," 3,140 "
53051,12.4%," 1,680 "
53053,10.6%," 94,860 "
53055,9.8%," 1,670 "
53057,11.0%," 14,020 "
53059,10.8%," 1,280 "
53061,8.9%," 72,540 "
53063,12.1%," 62,080 "
53065,13.0%," 5,870 "
53067,10.3%," 29,310 "
53069,11.4%, 490 
53071,10.0%," 6,070 "
53073,11.8%," 26,450 "
53075,12.3%," 6,080 "
53077,11.8%," 29,510 "
54001,14.0%," 2,320 "
54003,8.3%," 9,730 "
54005,15.6%," 3,420 "
54007,14.8%," 2,080 "
54009,11.6%," 2,580 "
54011,14.8%," 13,820 "
54013,20.3%," 1,460 "
54015,20.6%," 1,770 "
54017,9.4%, 800 
54019,16.4%," 7,070 "
54021,10.5%, 840 
54023,9.4%," 1,090 "
54025,13.6%," 4,760 "
54027,11.4%," 2,670 "
54029,12.6%," 3,660 "
54031,11.1%," 1,540 "
54033,12.0%," 8,090 "
54035,13.5%," 3,880 "
54037,7.0%," 4,000 "
54039,13.1%," 23,650 "
54041,14.4%," 2,310 "
54043,16.4%," 3,390 "
54045,19.9%," 6,490 "
54047,22.0%," 3,970 "
54049,12.3%," 6,910 "
54051,12.8%," 3,960 "
54053,11.5%," 3,060 "
54055,15.3%," 9,100 "
54057,11.1%," 2,990 "
54059,22.5%," 5,350 "
54061,10.8%," 11,470 "
54063,11.7%," 1,560 "
54065,6.6%," 1,180 "
54067,14.8%," 3,690 "
54069,11.9%," 5,000 "
54071,9.5%, 660 
54073,10.8%, 810 
54075,15.1%," 1,270 "
54077,11.0%," 3,710 "
54079,8.6%," 4,860 "
54081,15.2%," 11,340 "
54083,13.0%," 3,740 "
54085,13.2%," 1,280 "
54087,18.5%," 2,560 "
54089,15.8%," 2,000 "
54091,12.4%," 2,080 "
54093,11.3%, 780 
54095,12.5%," 1,090 "
54097,13.8%," 3,370 "
54099,15.1%," 6,050 "
54101,18.0%," 1,490 "
54103,14.5%," 2,220 "
54105,17.2%, 990 
54107,12.8%," 10,830 "
54109,17.9%," 3,730 "
55001,11.7%," 2,370 "
55003,12.7%," 1,960 "
55005,9.2%," 4,160 "
55007,11.1%," 1,670 "
55009,8.1%," 21,220 "
55011,8.8%," 1,160 "
55013,11.4%," 1,760 "
55015,4.9%," 2,470 "
55017,8.4%," 5,400 "
55019,7.9%," 2,720 "
55021,6.9%," 3,950 "
55023,10.4%," 1,670 "
55025,7.0%," 37,910 "
55027,7.4%," 6,470 "
55029,8.0%," 2,220 "
55031,11.3%," 4,930 "
55033,8.4%," 3,770 "
55035,8.8%," 9,130 "
55037,10.0%, 430 
55039,7.7%," 7,870 "
55041,13.8%," 1,250 "
55043,8.8%," 4,540 "
55045,7.2%," 2,640 "
55047,9.3%," 1,750 "
55049,7.5%," 1,770 "
55051,13.2%, 750 
55053,10.8%," 2,220 "
55055,7.3%," 6,180 "
55057,11.4%," 3,030 "
55059,9.1%," 15,440 "
55061,6.3%," 1,280 "
55063,8.1%," 9,620 "
55065,7.7%," 1,280 "
55067,10.4%," 1,990 "
55069,8.2%," 2,280 "
55071,8.1%," 6,380 "
55073,7.6%," 10,300 "
55075,10.7%," 4,330 "
55077,9.7%," 1,490 "
55078,20.0%, 920 
55079,11.8%," 111,910 "
55081,8.5%," 3,930 "
55083,8.0%," 3,030 "
55085,8.4%," 2,970 "
55087,6.9%," 12,820 "
55089,5.3%," 4,760 "
55091,8.4%, 610 
55093,7.3%," 3,090 "
55095,8.8%," 3,820 "
55097,7.9%," 5,560 "
55099,10.2%," 1,360 "
55101,9.2%," 17,950 "
55103,9.4%," 1,640 "
55105,9.7%," 15,810 "
55107,9.9%," 1,390 "
55109,6.3%," 5,670 "
55111,9.0%," 5,780 "
55113,11.6%," 1,910 "
55115,8.9%," 3,630 "
55117,6.8%," 7,860 "
55119,7.6%," 1,540 "
55121,7.6%," 2,230 "
55123,9.4%," 2,880 "
55125,9.9%," 2,160 "
55127,7.3%," 7,540 "
55129,10.2%," 1,610 "
55131,5.8%," 7,840 "
55133,5.5%," 22,120 "
55135,8.3%," 4,250 "
55137,8.6%," 2,100 "
55139,8.4%," 14,320 "
55141,9.4%," 6,860 "
56001,11.1%," 4,290 "
56003,10.6%," 1,250 "
56005,11.3%," 5,280 "
56007,10.7%," 1,620 "
56009,10.3%," 1,420 "
56011,9.1%, 680 
56013,13.1%," 5,210 "
56015,10.4%," 1,390 "
56017,12.8%, 580 
56019,13.2%," 1,130 "
56021,9.9%," 9,780 "
56023,9.3%," 1,830 "
56025,12.1%," 9,710 "
56027,14.4%, 340 
56029,9.6%," 2,810 "
56031,11.4%, 980 
56033,10.5%," 3,180 "
56035,10.7%," 1,060 "
56037,11.5%," 4,990 "
56039,9.1%," 2,120 "
56041,11.1%," 2,260 "
56043,10.6%, 840 
56045,11.0%, 760 